"Rank","Student","Time","Relay.Extracted","Season","Division","Gender","CYear","CDivision"
150,1,21.99,"R",-2,0,"Male",2018,3
25,1,20.47,"B†R†",2,3,"Male",2018,3
396,1,21.63,"",1,3,"Male",2018,3
1,2,21.64,"",-1,0,"Female",2016,1
1,2,20.9,"A†",4,1,"Female",2016,1
1,2,21.02,"",3,1,"Female",2016,1
4,2,21.41,"",2,1,"Female",2016,1
5,2,21.4,"",1,1,"Female",2016,1
44,3,23.79,"",0,0,"Female",2019,1
23,3,23.46,"R†",-1,0,"Female",2019,1
29,3,23.69,"",-2,0,"Female",2019,1
48,3,24.01,"",-3,0,"Female",2019,1
162,3,22.66,"B†",5,1,"Female",2019,1
127,3,22.63,"NICA†",4,1,"Female",2019,1
397,3,23.25,"NICB†",3,1,"Female",2019,1
127,3,22.87,"",2,1,"Female",2019,1
267,3,23.07,"",1,1,"Female",2019,1
14,4,23.27,"",0,0,"Female",2022,1
371,4,23.13,"",2,1,"Female",2022,1
384,4,23.19,"",1,1,"Female",2022,1
174,5,21.89,"",0,0,"Male",2019,2
159,5,21.81,"",-1,0,"Male",2019,2
140,5,21.84,"",-2,0,"Male",2019,2
188,5,22.17,"R†",-3,0,"Male",2019,2
229,5,21.15,"",4,2,"Male",2019,2
166,5,20.93,"",3,2,"Male",2019,2
478,5,22.54,"",2,2,"Male",2019,2
335,5,21.61,"",1,2,"Male",2019,2
388,6,25.5,"X†",0,0,"Female",2023,3
1018,6,27.18,"X†",-1,0,"Female",2023,3
456,6,24.83,"",1,3,"Female",2023,3
50,7,21.44,"",0,0,"Male",2015,3
25,7,20.48,"R†",3,3,"Male",2015,3
29,7,20.55,"R†",2,3,"Male",2015,3
40,7,20.72,"R†",1,3,"Male",2015,3
13,8,20.84,"",-1,0,"Male",2016,1
452,8,20.58,"R†",4,1,"Male",2016,1
393,8,20.5,"",3,1,"Male",2016,1
406,8,20.6,"",2,1,"Male",2016,1
377,8,20.55,"",1,1,"Male",2016,1
439,9,22.83,"R†",-2,0,"Male",2020,2
59,9,20.31,"D2 B†",4,2,"Male",2020,2
74,9,20.5,"D2 B†",3,2,"Male",2020,2
74,9,20.52,"B†",2,2,"Male",2020,2
122,9,21.02,"",1,2,"Male",2020,2
162,10,24.67,"",0,0,"Female",2022,3
60,10,24.48,"",-1,0,"Female",2022,3
134,10,24.12,"",2,3,"Female",2022,3
139,10,24.12,"",1,3,"Female",2022,3
2,11,20.07,"",-1,0,"Male",2017,1
1,11,19.9,"",-2,0,"Male",2017,1
154,11,19.83,"B†",5,1,"Male",2017,1
26,11,19.32,"B†",3,1,"Male",2017,1
93,11,19.69,"B†",2,1,"Male",2017,1
168,11,20.01,"",1,1,"Male",2017,1
62,12,21.32,"",0,0,"Male",2017,3
270,12,22.61,"",-2,0,"Male",2017,3
503,12,21.86,"",1,3,"Male",2017,3
196,13,22.07,"",-1,0,"Male",2018,2
257,13,22.51,"",-2,0,"Male",2018,2
217,13,21.14,"",4,2,"Male",2018,2
321,13,21.86,"",3,2,"Male",2018,2
224,13,21.26,"",2,2,"Male",2018,2
302,13,21.6,"",1,2,"Male",2018,2
134,14,22.03,"",-1,0,"Male",2016,3
452,14,21.84,"",1,3,"Male",2016,3
81,15,21.71,"",0,0,"Male",2015,2
285,15,21.83,"R†",1,2,"Male",2015,2
293,16,22.72,"",0,0,"Male",2015,1
417,16,20.73,"",1,1,"Male",2015,1
72,17,21.65,"R†",-1,0,"Male",2016,3
107,17,21.05,"R†",1,3,"Male",2016,3
19,18,21.03,"",-1,0,"Male",2016,1
590,18,20.91,"",1,1,"Male",2016,1
423,19,22.75,"X†R†",0,0,"Male",2019,2
272,19,21.34,"",4,2,"Male",2019,2
446,19,21.86,"",3,2,"Male",2019,2
652,19,23.53,"",2,2,"Male",2019,2
489,19,22.09,"X†",1,2,"Male",2019,2
651,20,23.02,"",0,0,"Male",2023,3
1105,20,24.15,"R†",-1,0,"Male",2023,3
79,20,20.63,"",1,3,"Male",2023,3
3,21,22.81,"",0,0,"Female",2019,1
2,21,22.59,"R†",-1,0,"Female",2019,1
21,21,23.61,"R†",-3,0,"Female",2019,1
329,21,23.09,"",4,1,"Female",2019,1
235,21,22.94,"",3,1,"Female",2019,1
98,21,22.7,"D1-B†",2,1,"Female",2019,1
100,21,22.59,"B",1,1,"Female",2019,1
5,22,20.31,"R†",0,0,"Male",2018,1
5,22,20.35,"R†",-1,0,"Male",2018,1
348,22,20.54,"R†",3,1,"Male",2018,1
480,22,20.63,"R†",2,1,"Male",2018,1
257,22,20.2,"",1,1,"Male",2018,1
30,23,23.59,"",0,0,"Female",2023,1
55,23,23.95,"",-1,0,"Female",2023,1
679,23,23.54,"",1,1,"Female",2023,1
202,24,25.23,"",-2,0,"Female",2017,3
325,24,24.8,"",1,3,"Female",2017,3
513,25,26.89,"",-3,0,"Female",2020,2
470,25,25.14,"",2,2,"Female",2020,2
649,25,26.51,"X†",1,2,"Female",2020,2
148,26,24.8,"",0,0,"Female",2017,3
201,26,25,"",-1,0,"Female",2017,3
146,26,24.88,"",-2,0,"Female",2017,3
584,26,25.22,"",2,3,"Female",2017,3
478,26,25.07,"",1,3,"Female",2017,3
487,27,28.51,"",-3,0,"Female",2018,2
436,27,25.66,"X†",3,2,"Female",2018,2
300,27,24.68,"",2,2,"Female",2018,2
648,27,25.73,"R†",1,2,"Female",2018,2
146,28,24.88,"R†",-1,0,"Female",2016,3
180,28,24.31,"",4,3,"Female",2016,3
162,28,24.31,"",3,3,"Female",2016,3
167,28,24.4,"",2,3,"Female",2016,3
150,28,24.3,"",1,3,"Female",2016,3
103,29,24.31,"",0,0,"Female",2022,3
237,29,25.01,"",-3,0,"Female",2022,3
253,29,24.44,"",2,3,"Female",2022,3
166,29,24.22,"",1,3,"Female",2022,3
447,30,25.75,"R†",-2,0,"Female",2020,3
1142,30,28.67,"R†",1,3,"Female",2020,3
1,31,22.45,"",0,0,"Female",2018,1
1,31,22.45,"",-1,0,"Female",2018,1
40,31,22.29,"D1-B†",3,1,"Female",2018,1
46,31,22.25,"B†",2,1,"Female",2018,1
37,31,22.19,"B†R†",1,1,"Female",2018,1
1104,32,35.68,"X†",-2,0,"Female",2019,3
697,32,25.39,"",1,3,"Female",2019,3
92,33,24.55,"",-1,0,"Female",2016,2
39,33,23.46,"B†",4,2,"Female",2016,2
26,33,23.28,"B†",3,2,"Female",2016,2
90,33,23.82,"",2,2,"Female",2016,2
215,33,24.49,"",1,2,"Female",2016,2
1295,34,31.64,"",-2,0,"Female",2020,3
1207,34,28.91,"R†",1,3,"Female",2020,3
21,35,23.87,"",0,0,"Female",2021,1
17,35,23.33,"R†",-2,0,"Female",2021,1
30,35,23.53,"",-3,0,"Female",2021,1
45,35,22.15,"B†",3,1,"Female",2021,1
253,35,22.96,"NICB†",2,1,"Female",2021,1
496,35,23.39,"",1,1,"Female",2021,1
1074,36,34.91,"",-2,0,"Female",2019,1
80,36,22.41,"",4,1,"Female",2019,1
287,36,23.06,"",3,1,"Female",2019,1
77,36,22.46,"B†",1,1,"Female",2019,1
84,37,24.31,"",-2,0,"Female",2019,1
701,37,23.72,"",1,1,"Female",2019,1
13,38,23.43,"",0,0,"Female",2016,1
293,38,23.13,"NICB†R†",4,1,"Female",2016,1
160,38,22.82,"",3,1,"Female",2016,1
178,38,22.89,"",2,1,"Female",2016,1
489,38,23.5,"",1,1,"Female",2016,1
9,39,20.25,"R†",0,0,"Male",2022,1
38,39,21.41,"X†",-1,0,"Male",2022,1
605,39,20.6,"",2,1,"Male",2022,1
670,39,20.65,"",1,1,"Male",2022,1
338,40,22.47,"",-2,0,"Male",2020,2
437,40,23.16,"",-3,0,"Male",2020,2
700,40,23.88,"X",1,2,"Male",2020,2
16,41,20.54,"",0,0,"Male",2023,1
20,41,20.65,"",-1,0,"Male",2023,1
655,41,20.65,"",1,1,"Male",2023,1
639,42,23.59,"",-2,0,"Male",2021,3
696,42,21.99,"",1,3,"Male",2021,3
338,43,25.4,"R†",-2,0,"Female",2021,3
241,43,24.39,"",3,3,"Female",2021,3
402,43,24.78,"",2,3,"Female",2021,3
420,43,24.9,"",1,3,"Female",2021,3
149,44,21.88,"",0,0,"Male",2017,2
163,44,22.04,"R†",-1,0,"Male",2017,2
492,44,22.28,"",1,2,"Male",2017,2
304,45,25.26,"X†",0,0,"Female",2023,2
328,45,25.32,"",-1,0,"Female",2023,2
371,45,26.84,"X†R†",-2,0,"Female",2023,2
426,45,24.99,"R†",1,2,"Female",2023,2
1,46,22.54,"",-1,0,"Female",2020,1
3,46,22.71,"",-2,0,"Female",2020,1
4,46,22.91,"",-3,0,"Female",2020,1
21,46,21.95,"B†",4,1,"Female",2020,1
30,46,21.97,"B†",3,1,"Female",2020,1
21,46,21.89,"B†",2,1,"Female",2020,1
38,46,22.28,"D1-B†",1,1,"Female",2020,1
173,47,24.76,"",0,0,"Female",2023,3
172,47,24.73,"",-1,0,"Female",2023,3
130,47,25.07,"",-2,0,"Female",2023,3
346,47,24.63,"",1,3,"Female",2023,3
39,48,23.7,"R†",-1,0,"Female",2020,1
93,48,24.14,"R†",-2,0,"Female",2020,1
204,48,25.1,"R†",-3,0,"Female",2020,1
253,48,22.96,"R†",3,1,"Female",2020,1
351,48,23.17,"R†",2,1,"Female",2020,1
274,48,23.27,"R†",1,1,"Female",2020,1
735,49,29.05,"R†",-3,0,"Female",2020,3
1040,49,28.24,"X†R†",1,3,"Female",2020,3
1238,50,30.91,"",-1,0,"Female",2019,3
661,50,25.33,"R†",1,3,"Female",2019,3
610,51,26.49,"R†",-1,0,"Female",2020,2
715,51,27.03,"R†",-2,0,"Female",2020,2
484,51,25.87,"",1,2,"Female",2020,2
178,52,24.93,"R†",0,0,"Female",2017,3
236,52,25.24,"R†",-1,0,"Female",2017,3
584,52,25.22,"",2,3,"Female",2017,3
348,52,24.83,"",1,3,"Female",2017,3
807,53,24.15,"",-2,0,"Male",2020,1
622,53,21.1,"X†",1,1,"Male",2020,1
17,54,23.5,"",0,0,"Female",2016,1
65,54,24.31,"",-1,0,"Female",2016,1
257,54,23.05,"NICB†R†",4,1,"Female",2016,1
246,54,23.06,"NICB†",3,1,"Female",2016,1
289,54,23.13,"",2,1,"Female",2016,1
432,54,23.43,"",1,1,"Female",2016,1
76,55,24.12,"",0,0,"Female",2022,2
246,55,25.04,"",-3,0,"Female",2022,2
389,55,24.9,"",2,2,"Female",2022,2
191,55,24.29,"",1,2,"Female",2022,2
117,56,21.65,"",-1,0,"Male",2018,3
685,56,22.03,"R†",1,3,"Male",2018,3
27,57,24.05,"",0,0,"Female",2021,1
61,57,23.96,"",-2,0,"Female",2021,1
114,57,24.26,"",-3,0,"Female",2021,1
487,57,23.29,"",3,1,"Female",2021,1
239,57,22.92,"NICB†",2,1,"Female",2021,1
373,57,23.21,"NICB†",1,1,"Female",2021,1
425,58,22.78,"",0,0,"Male",2018,2
305,58,21.43,"",5,2,"Male",2018,2
418,58,21.79,"",4,2,"Male",2018,2
457,58,22.45,"X†",3,2,"Male",2018,2
350,58,21.66,"R",2,2,"Male",2018,2
549,58,22.39,"",1,2,"Male",2018,2
349,59,22.73,"R†",0,0,"Male",2017,2
439,59,21.84,"",5,2,"Male",2017,2
335,59,21.61,"",3,2,"Male",2017,2
390,59,21.85,"",2,2,"Male",2017,2
536,59,22.45,"",1,2,"Male",2017,2
213,60,24.87,"",-3,0,"Female",2021,1
580,60,23.49,"",1,1,"Female",2021,1
28,61,23.53,"R†",0,0,"Female",2023,1
133,61,24.5,"R†",-1,0,"Female",2023,1
663,61,23.52,"R†",1,1,"Female",2023,1
190,62,24.82,"R†",-1,0,"Female",2023,3
651,62,25.18,"",1,3,"Female",2023,3
567,63,27.34,"R†",-3,0,"Female",2020,3
683,63,27.01,"",1,3,"Female",2020,3
243,64,25.27,"R†",0,0,"Female",2017,3
463,64,24.97,"",3,3,"Female",2017,3
445,64,24.94,"",2,3,"Female",2017,3
253,64,24.64,"",1,3,"Female",2017,3
1028,65,28.98,"",-3,0,"Female",2021,2
583,65,25.43,"",2,2,"Female",2021,2
659,65,25.6,"",1,2,"Female",2021,2
166,66,25.35,"",0,0,"Female",2021,3
302,66,24.55,"",3,3,"Female",2021,3
391,66,24.76,"R†",2,3,"Female",2021,3
328,66,24.72,"R†",1,3,"Female",2021,3
95,67,24.79,"X†R†",-2,0,"Female",2023,2
132,67,23.97,"R†",1,2,"Female",2023,2
88,68,24.11,"R†",0,0,"Female",2018,1
209,68,25.13,"R†",-1,0,"Female",2018,1
383,68,23.22,"NICB†",4,1,"Female",2018,1
491,68,23.72,"",3,1,"Female",2018,1
501,68,23.49,"NICB†",2,1,"Female",2018,1
671,68,23.67,"NICB†",1,1,"Female",2018,1
224,69,24.97,"",-3,0,"Female",2022,3
452,69,24.82,"",2,3,"Female",2022,3
235,69,24.41,"",1,3,"Female",2022,3
276,70,25.15,"R†",-1,0,"Female",2023,2
88,70,23.76,"D2 B†",1,2,"Female",2023,2
17,71,23.33,"R†",0,0,"Female",2019,1
8,71,23,"R†",-1,0,"Female",2019,1
28,71,23.67,"R†",-2,0,"Female",2019,1
12,71,23.41,"R†",-3,0,"Female",2019,1
285,71,22.98,"R†",5,1,"Female",2019,1
615,71,23.53,"X†R†",3,1,"Female",2019,1
243,71,23.2,"R†",2,1,"Female",2019,1
230,71,22.97,"R†",1,1,"Female",2019,1
321,72,25.32,"",0,0,"Female",2019,2
381,72,25.54,"",-1,0,"Female",2019,2
441,72,26.67,"",-3,0,"Female",2019,2
590,72,25.5,"",1,2,"Female",2019,2
324,73,26.05,"R†",0,0,"Female",2015,2
532,73,25.37,"",4,2,"Female",2015,2
336,73,24.89,"",3,2,"Female",2015,2
300,73,24.85,"",2,2,"Female",2015,2
420,73,25.44,"",1,2,"Female",2015,2
75,74,21.28,"",-2,0,"Male",2021,3
14,74,20.13,"D3 B†",3,3,"Male",2021,3
263,74,21.27,"",1,3,"Male",2021,3
764,75,25.29,"R†",0,0,"Male",2017,3
247,75,21.34,"R†",2,3,"Male",2017,3
635,75,22.04,"R†",1,3,"Male",2017,3
58,76,21.18,"R†",-2,0,"Male",2020,1
458,76,20.38,"",4,1,"Male",2020,1
524,76,20.48,"",3,1,"Male",2020,1
642,76,21.14,"X†",1,1,"Male",2020,1
3,77,20.41,"",0,0,"Male",2016,1
18,77,20.98,"R†",-1,0,"Male",2016,1
161,77,19.97,"R†",4,1,"Male",2016,1
591,77,20.83,"",3,1,"Male",2016,1
203,77,20.12,"",2,1,"Male",2016,1
221,77,20.22,"R†",1,1,"Male",2016,1
80,78,24.26,"",0,0,"Female",2017,2
167,78,24.81,"",-1,0,"Female",2017,2
391,78,25.07,"",1,2,"Female",2017,2
239,79,31.94,"",0,0,"Male",2020,3
98,79,20.7,"",4,3,"Male",2020,3
75,79,20.66,"",3,3,"Male",2020,3
102,79,20.83,"",2,3,"Male",2020,3
341,79,22.39,"",1,3,"Male",2020,3
128,80,21.66,"R†",-2,0,"Male",2021,3
515,80,21.72,"",1,3,"Male",2021,3
25,81,20.85,"",0,0,"Male",2018,1
117,81,21.65,"",-1,0,"Male",2018,1
458,81,20.59,"",2,1,"Male",2018,1
422,81,20.55,"",1,1,"Male",2018,1
145,82,22.07,"R†",-1,0,"Male",2016,1
352,82,20.47,"",2,1,"Male",2016,1
401,82,20.57,"",1,1,"Male",2016,1
13,83,20.54,"",0,0,"Male",2018,1
19,83,20.73,"",-1,0,"Male",2018,1
45,83,21.21,"",-2,0,"Male",2018,1
426,83,20.39,"JRS†",4,1,"Male",2018,1
222,83,20.28,"",3,1,"Male",2018,1
385,83,20.49,"",1,1,"Male",2018,1
96,84,24.27,"",0,0,"Female",2019,2
102,84,24.2,"",-1,0,"Female",2019,2
200,84,24.99,"R",-3,0,"Female",2019,2
148,84,24.12,"",4,2,"Female",2019,2
93,84,23.83,"B†",3,2,"Female",2019,2
51,84,23.84,"D2-B†",2,2,"Female",2019,2
70,84,23.75,"",1,2,"Female",2019,2
11,85,20.5,"",0,0,"Male",2017,1
112,85,19.69,"B†",5,1,"Male",2017,1
84,85,19.78,"D1-B†R†",4,1,"Male",2017,1
223,85,20.16,"NICB†R†",3,1,"Male",2017,1
203,85,20.06,"",2,1,"Male",2017,1
193,85,20.08,"",1,1,"Male",2017,1
164,86,21.93,"R†",0,0,"Male",2017,3
207,86,22.26,"R†",-1,0,"Male",2017,3
527,86,21.74,"",5,3,"Male",2017,3
450,86,21.68,"",3,3,"Male",2017,3
324,86,21.49,"",2,3,"Male",2017,3
592,86,21.98,"",1,3,"Male",2017,3
298,87,25.19,"R†",0,0,"Female",2018,2
243,87,25.28,"R†",-2,0,"Female",2018,2
632,87,25.52,"",4,2,"Female",2018,2
506,87,25.31,"R†",1,2,"Female",2018,2
21,88,20.71,"",-1,0,"Male",2020,1
234,88,22.11,"R†",-2,0,"Male",2020,1
287,88,22.45,"R†",-3,0,"Male",2020,1
563,88,20.99,"",1,1,"Male",2020,1
186,89,25.14,"",0,0,"Female",2015,2
469,89,25.63,"",1,2,"Female",2015,2
7,90,23.18,"R†",0,0,"Female",2015,1
551,90,23.65,"",1,1,"Female",2015,1
38,91,23.68,"",-1,0,"Female",2020,1
33,91,23.56,"",-2,0,"Female",2020,1
140,91,24.74,"R†",-3,0,"Female",2020,1
632,91,23.94,"",1,1,"Female",2020,1
105,92,24.47,"",-1,0,"Female",2017,3
14,92,23.44,"B†",3,3,"Female",2017,3
140,92,24.24,"",2,3,"Female",2017,3
89,92,24.02,"",1,3,"Female",2017,3
151,93,24.73,"R†",-1,0,"Female",2017,2
418,93,25.04,"",2,2,"Female",2017,2
226,93,24.53,"",1,2,"Female",2017,2
2,94,22.76,"",0,0,"Female",2019,1
6,94,22.88,"",-1,0,"Female",2019,1
7,94,23.04,"",-2,0,"Female",2019,1
11,94,23.39,"",-3,0,"Female",2019,1
108,94,22.48,"B†",5,1,"Female",2019,1
316,94,23.06,"",4,1,"Female",2019,1
343,94,23.16,"R†",3,1,"Female",2019,1
259,94,23.23,"",2,1,"Female",2019,1
224,94,22.96,"NICB†R†",1,1,"Female",2019,1
76,95,21.29,"R†",0,0,"Male",2019,1
125,95,21.74,"",-2,0,"Male",2019,1
509,95,20.46,"",4,1,"Male",2019,1
306,95,20.46,"",2,1,"Male",2019,1
274,95,20.26,"",1,1,"Male",2019,1
102,96,24.59,"R†",0,0,"Female",2015,3
406,96,24.88,"",4,3,"Female",2015,3
331,96,24.81,"R†",3,3,"Female",2015,3
242,96,24.61,"",2,3,"Female",2015,3
286,96,24.78,"",1,3,"Female",2015,3
17,97,20.54,"",0,0,"Male",2022,1
256,97,20.02,"",2,1,"Male",2022,1
119,97,19.69,"B†",1,1,"Male",2022,1
1,98,19.9,"R†",0,0,"Male",2017,1
719,98,21.29,"X†R†",4,1,"Male",2017,1
515,98,20.68,"X†R†",3,1,"Male",2017,1
549,98,20.83,"R†",1,1,"Male",2017,1
100,99,21.52,"R†",-1,0,"Male",2023,1
421,99,20.33,"R†",1,1,"Male",2023,1
38,100,23.79,"",-1,0,"Female",2018,1
31,100,23.83,"",-2,0,"Female",2018,1
208,100,25.26,"",-3,0,"Female",2018,1
356,100,23.47,"",3,1,"Female",2018,1
262,100,23.06,"",2,1,"Female",2018,1
310,100,23.17,"",1,1,"Female",2018,1
154,101,21.78,"",-2,0,"Male",2021,1
33,101,19.23,"B†",3,1,"Male",2021,1
52,101,19.37,"B†",2,1,"Male",2021,1
404,101,20.36,"NICB†",1,1,"Male",2021,1
197,102,22,"",-1,0,"Male",2023,3
37,102,24.49,"",-3,0,"Male",2023,3
328,102,21.32,"",1,3,"Male",2023,3
6,103,23.17,"R†",0,0,"Female",2015,1
332,103,23.34,"",1,1,"Female",2015,1
33,104,20.87,"",0,0,"Male",2022,2
75,104,21.75,"",-1,0,"Male",2022,2
263,104,22.26,"",-3,0,"Male",2022,2
263,104,21.28,"",2,2,"Male",2022,2
291,104,21.39,"R†",1,2,"Male",2022,2
11,105,20.8,"",-1,0,"Male",2016,1
360,105,20.45,"",3,1,"Male",2016,1
639,105,20.99,"",1,1,"Male",2016,1
117,106,24.38,"",0,0,"Female",2022,1
86,106,24.7,"X†",-1,0,"Female",2022,1
119,106,22.53,"B†",2,1,"Female",2022,1
413,106,23.24,"",1,1,"Female",2022,1
129,107,24.43,"",0,0,"Female",2019,3
97,107,24.15,"",-1,0,"Female",2019,3
50,107,23.99,"",-2,0,"Female",2019,3
98,107,24.42,"R†",-3,0,"Female",2019,3
299,107,24.65,"",3,3,"Female",2019,3
221,107,24.41,"",1,3,"Female",2019,3
232,108,24.95,"R†",0,0,"Female",2018,2
628,108,25.68,"",1,2,"Female",2018,2
206,109,24.88,"R†",-1,0,"Female",2020,3
318,109,25.27,"",-2,0,"Female",2020,3
221,109,24.38,"",3,3,"Female",2020,3
187,109,24.35,"",2,3,"Female",2020,3
261,109,25.61,"",1,3,"Female",2020,3
203,110,24.82,"",-1,0,"Female",2019,3
86,110,23.87,"",4,3,"Female",2019,3
166,110,24.29,"",3,3,"Female",2019,3
41,110,24.36,"",2,3,"Female",2019,3
275,110,24.57,"",1,3,"Female",2019,3
306,111,25.93,"R†",-3,0,"Female",2018,2
114,111,23.93,"B†R†",1,2,"Female",2018,2
6,112,20.5,"R†",0,0,"Male",2015,1
428,112,20.64,"",3,1,"Male",2015,1
358,112,20.51,"",2,1,"Male",2015,1
324,112,20.54,"",1,1,"Male",2015,1
195,113,21.99,"",0,0,"Male",2022,2
255,113,21.26,"",2,2,"Male",2022,2
241,113,21.22,"",1,2,"Male",2022,2
65,114,24.31,"",0,0,"Female",2015,2
339,114,25.19,"R†",1,2,"Female",2015,2
244,115,25,"R†",-3,0,"Female",2021,3
158,115,24.19,"",3,3,"Female",2021,3
243,115,24.43,"",2,3,"Female",2021,3
344,115,24.74,"R†",1,3,"Female",2021,3
49,116,23.76,"R†",0,0,"Female",2018,1
15,116,23.4,"R†",-1,0,"Female",2018,1
24,116,23.8,"",-3,0,"Female",2018,1
420,116,23.37,"",2,1,"Female",2018,1
295,116,23.14,"",1,1,"Female",2018,1
81,117,24.15,"",-2,0,"Female",2021,2
336,117,25.34,"",-3,0,"Female",2021,2
629,117,25.51,"",1,2,"Female",2021,2
561,118,26.19,"",-2,0,"Female",2020,2
643,118,26.48,"",1,2,"Female",2020,2
253,119,25.31,"",-2,0,"Female",2019,3
81,119,23.84,"",4,3,"Female",2019,3
248,119,24.53,"R†",3,3,"Female",2019,3
143,119,24.21,"R†",1,3,"Female",2019,3
2,120,22.72,"",0,0,"Female",2022,1
21,120,23.41,"",-3,0,"Female",2022,1
168,120,22.68,"",2,1,"Female",2022,1
253,120,22.96,"",1,1,"Female",2022,1
13,121,23.15,"R†",-1,0,"Female",2019,1
230,121,22.93,"",3,1,"Female",2019,1
642,121,23.66,"R†",1,1,"Female",2019,1
100,122,21.62,"",0,0,"Male",2016,2
127,122,22,"",-1,0,"Male",2016,2
169,122,21.16,"",2,2,"Male",2016,2
202,122,21.34,"",1,2,"Male",2016,2
302,123,22.39,"R†",-2,0,"Male",2021,3
380,123,21.41,"",3,3,"Male",2021,3
341,123,21.37,"",2,3,"Male",2021,3
287,123,21.33,"",1,3,"Male",2021,3
147,124,21.76,"R†",-2,0,"Male",2021,3
436,124,21.5,"R†",3,3,"Male",2021,3
315,124,21.32,"",2,3,"Male",2021,3
245,124,21.23,"R†",1,3,"Male",2021,3
116,125,21.93,"",0,0,"Male",2015,3
577,125,21.9,"",4,3,"Male",2015,3
419,125,21.71,"",3,3,"Male",2015,3
630,125,22.1,"",2,3,"Male",2015,3
460,125,21.89,"",1,3,"Male",2015,3
9,126,20.27,"",0,0,"Male",2019,1
14,126,20.55,"",-1,0,"Male",2019,1
69,126,21.35,"",-2,0,"Male",2019,1
372,126,20.31,"",3,1,"Male",2019,1
170,126,20.13,"",2,1,"Male",2019,1
340,126,20.39,"",1,1,"Male",2019,1
219,127,22.09,"X†",-1,0,"Male",2020,1
132,127,21.65,"R†",-2,0,"Male",2020,1
648,127,21.15,"",1,1,"Male",2020,1
106,128,21.51,"",-1,0,"Male",2020,2
167,128,20.92,"",4,2,"Male",2020,2
154,128,20.85,"",3,2,"Male",2020,2
141,128,20.86,"",2,2,"Male",2020,2
284,128,21.71,"",1,2,"Male",2020,2
156,129,21.79,"X†R†",0,0,"Male",2019,1
321,129,20.16,"",5,1,"Male",2019,1
535,129,20.55,"NICB†",3,1,"Male",2019,1
512,129,20.9,"R†",2,1,"Male",2019,1
589,129,20.79,"NICB†",1,1,"Male",2019,1
6,130,22.96,"",0,0,"Female",2016,1
12,130,23.36,"",-1,0,"Female",2016,1
7,130,21.6,"A†",4,1,"Female",2016,1
8,130,21.65,"A†",3,1,"Female",2016,1
40,130,22.27,"",2,1,"Female",2016,1
98,130,22.61,"",1,1,"Female",2016,1
198,131,24.8,"",0,0,"Female",2018,3
637,131,25.3,"",2,3,"Female",2018,3
206,131,24.45,"",1,3,"Female",2018,3
33,132,23.61,"",0,0,"Female",2023,1
12,132,23.23,"JRS†",-1,0,"Female",2023,1
8,132,23.37,"",-2,0,"Female",2023,1
624,132,23.47,"",1,1,"Female",2023,1
328,133,25.97,"R†",-2,0,"Female",2018,1
633,133,23.65,"",2,1,"Female",2018,1
549,133,23.52,"",1,1,"Female",2018,1
190,134,22.19,"",-2,0,"Male",2018,3
441,134,21.7,"",1,3,"Male",2018,3
34,135,23.64,"",0,0,"Female",2019,1
37,135,23.66,"",-1,0,"Female",2019,1
108,135,24.5,"",-3,0,"Female",2019,1
566,135,23.47,"",3,1,"Female",2019,1
299,135,23.36,"",2,1,"Female",2019,1
465,135,23.44,"",1,1,"Female",2019,1
36,136,23.64,"",0,0,"Female",2018,2
25,136,23.75,"",-2,0,"Female",2018,2
10,136,23.06,"B†",2,2,"Female",2018,2
29,136,23.29,"B†",1,2,"Female",2018,2
3,137,20.05,"R†",0,0,"Male",2022,1
1,137,19.96,"",-1,0,"Male",2022,1
45,137,21.04,"",-3,0,"Male",2022,1
203,137,19.89,"R†",2,1,"Male",2022,1
304,137,20.15,"",1,1,"Male",2022,1
2,138,20.14,"",0,0,"Male",2015,1
89,138,19.68,"B†",4,1,"Male",2015,1
87,138,19.76,"",3,1,"Male",2015,1
106,138,19.9,"",2,1,"Male",2015,1
127,138,20.05,"R†",1,1,"Male",2015,1
109,139,21.57,"",-2,0,"Male",2020,1
677,139,20.73,"",2,1,"Male",2020,1
331,139,20.51,"",1,1,"Male",2020,1
9,140,20.3,"JRS†R†",0,0,"Male",2023,1
21,140,20.71,"R†",-1,0,"Male",2023,1
135,140,22.34,"X†R†",-2,0,"Male",2023,1
508,140,20.46,"R†",1,1,"Male",2023,1
659,141,23.05,"",0,0,"Male",2023,1
680,141,20.69,"",1,1,"Male",2023,1
811,142,24.17,"",-3,0,"Male",2021,3
344,142,21.35,"",3,3,"Male",2021,3
634,142,21.82,"",2,3,"Male",2021,3
729,142,22.04,"",1,3,"Male",2021,3
128,143,22.24,"R†",0,0,"Male",2021,2
474,143,21.86,"",3,2,"Male",2021,2
531,143,22.09,"",1,2,"Male",2021,2
592,144,22.89,"X†R†",0,0,"Male",2023,3
172,144,20.96,"R†",1,3,"Male",2023,3
178,145,22.6,"X†",0,0,"Male",2021,2
611,145,22.2,"X†R",3,2,"Male",2021,2
326,145,21.47,"R†",2,2,"Male",2021,2
356,145,21.6,"R†",1,2,"Male",2021,2
49,146,23.85,"R†",-1,0,"Female",2020,1
333,146,23.07,"",4,1,"Female",2020,1
224,146,22.88,"",3,1,"Female",2020,1
383,146,23.22,"",2,1,"Female",2020,1
243,146,23.2,"",1,1,"Female",2020,1
51,147,21.27,"R†",-1,0,"Male",2017,1
160,147,22.13,"",-2,0,"Male",2017,1
599,147,20.84,"",2,1,"Male",2017,1
398,147,20.58,"",1,1,"Male",2017,1
265,148,25.09,"",-2,0,"Female",2020,3
503,148,26.49,"R†",1,3,"Female",2020,3
53,149,23.88,"",-1,0,"Female",2020,1
139,149,24.43,"",-2,0,"Female",2020,1
333,149,25.68,"",-3,0,"Female",2020,1
567,149,23.45,"",3,1,"Female",2020,1
656,149,23.59,"",2,1,"Female",2020,1
498,149,23.73,"",1,1,"Female",2020,1
199,150,25.05,"R",0,0,"Female",2017,2
223,150,25.11,"R†",-1,0,"Female",2017,2
450,150,25.25,"",1,2,"Female",2017,2
145,151,21.87,"R†",0,0,"Male",2017,3
148,151,21.98,"R†",-1,0,"Male",2017,3
173,151,22.2,"R†",-2,0,"Male",2017,3
376,151,21.5,"",5,3,"Male",2017,3
299,151,21.44,"",3,3,"Male",2017,3
189,151,21.21,"",2,3,"Male",2017,3
73,151,20.86,"",1,3,"Male",2017,3
58,152,21.3,"",-1,0,"Male",2018,2
71,152,21.48,"",-2,0,"Male",2018,2
421,152,21.95,"",1,2,"Male",2018,2
17,153,20.57,"",0,0,"Male",2018,1
114,153,21.62,"R†",-1,0,"Male",2018,1
485,153,20.66,"",1,1,"Male",2018,1
92,154,21.59,"R†",0,0,"Male",2016,3
136,154,22.04,"R†",-1,0,"Male",2016,3
200,154,21.24,"",3,3,"Male",2016,3
326,154,21.62,"R†",1,3,"Male",2016,3
20,155,23.66,"R†",0,0,"Female",2015,1
575,155,23.55,"NICB†",4,1,"Female",2015,1
469,155,23.43,"",3,1,"Female",2015,1
358,155,23.32,"",2,1,"Female",2015,1
426,155,23.47,"",1,1,"Female",2015,1
10,156,20.32,"",-1,0,"Male",2020,1
335,156,20.19,"",3,1,"Male",2020,1
254,156,20.09,"",2,1,"Male",2020,1
262,156,20.38,"",1,1,"Male",2020,1
943,157,30.51,"R†",-2,0,"Male",2018,2
616,157,22.63,"",1,2,"Male",2018,2
331,158,22.95,"",0,0,"Male",2015,2
355,158,21.93,"R†",2,2,"Male",2015,2
177,158,21.38,"",1,2,"Male",2015,2
29,159,20.8,"",0,0,"Male",2019,1
43,159,21.06,"",-1,0,"Male",2019,1
126,159,21.75,"",-2,0,"Male",2019,1
589,159,20.79,"",1,1,"Male",2019,1
519,160,22.95,"X†",0,0,"Male",2022,3
208,160,21.05,"R†",2,3,"Male",2022,3
380,160,21.44,"",1,3,"Male",2022,3
892,161,24.78,"R†",-3,0,"Male",2022,3
396,161,21.44,"R†",2,3,"Male",2022,3
627,161,21.81,"",1,3,"Male",2022,3
10,162,20.66,"",0,0,"Male",2015,1
296,162,20.27,"",4,1,"Male",2015,1
458,162,20.69,"",3,1,"Male",2015,1
337,162,20.47,"",2,1,"Male",2015,1
288,162,20.44,"",1,1,"Male",2015,1
22,163,21.13,"",0,0,"Male",2015,1
667,163,21.1,"",1,1,"Male",2015,1
190,164,22.19,"R†",0,0,"Male",2016,2
474,164,22.41,"",1,2,"Male",2016,2
223,165,22.06,"",-3,0,"Male",2021,3
137,165,20.91,"",2,3,"Male",2021,3
165,165,21.03,"",1,3,"Male",2021,3
2,166,20.19,"R†",0,0,"Male",2018,1
10,166,20.49,"",-1,0,"Male",2018,1
68,166,21.45,"R†",-2,0,"Male",2018,1
336,166,22.97,"R†",-3,0,"Male",2018,1
208,166,19.93,"B†",5,1,"Male",2018,1
216,166,20,"",4,1,"Male",2018,1
107,166,19.9,"D1-B†",3,1,"Male",2018,1
102,166,19.75,"NICA†",2,1,"Male",2018,1
242,166,20.16,"NICB†",1,1,"Male",2018,1
37,167,20.96,"R†",-1,0,"Male",2020,1
68,167,21.24,"R†",-2,0,"Male",2020,1
149,167,21.88,"R†",-3,0,"Male",2020,1
352,167,20.21,"",4,1,"Male",2020,1
83,167,19.55,"B†",3,1,"Male",2020,1
147,167,19.82,"B†",2,1,"Male",2020,1
756,167,21.36,"X†R†",1,1,"Male",2020,1
481,168,22.93,"X†R†",-3,0,"Male",2022,3
462,168,21.56,"R†",1,3,"Male",2022,3
44,169,21.02,"",0,0,"Male",2019,1
81,169,21.37,"",-1,0,"Male",2019,1
190,169,22.06,"",-2,0,"Male",2019,1
250,169,20,"CSCAA B†",5,1,"Male",2019,1
318,169,20.17,"NICB†",4,1,"Male",2019,1
363,169,20.29,"",3,1,"Male",2019,1
369,169,20.59,"R†",2,1,"Male",2019,1
622,169,20.83,"",1,1,"Male",2019,1
131,170,24.79,"R†",-1,0,"Female",2016,2
315,170,24.84,"",2,2,"Female",2016,2
300,170,24.85,"",1,2,"Female",2016,2
77,171,21.32,"",-1,0,"Male",2019,1
114,171,21.62,"R†",-2,0,"Male",2019,1
84,171,21.54,"",-3,0,"Male",2019,1
232,171,20.04,"",3,1,"Male",2019,1
230,171,20.3,"",2,1,"Male",2019,1
649,171,20.87,"",1,1,"Male",2019,1
112,172,24.96,"X†",0,0,"Female",2021,3
186,172,24.69,"",-3,0,"Female",2021,3
420,172,24.76,"",3,3,"Female",2021,3
307,172,24.58,"R†",2,3,"Female",2021,3
156,172,24.25,"",1,3,"Female",2021,3
3,173,22.71,"",0,0,"Female",2018,1
2,173,22.66,"",-1,0,"Female",2018,1
2,173,22.64,"",-2,0,"Female",2018,1
4,173,23.08,"",-3,0,"Female",2018,1
136,173,22.64,"B†",5,1,"Female",2018,1
49,173,22.2,"B†",4,1,"Female",2018,1
27,173,22.11,"D1-B†",3,1,"Female",2018,1
184,173,22.87,"",2,1,"Female",2018,1
134,173,22.75,"B†",1,1,"Female",2018,1
527,174,26.16,"R†",-1,0,"Female",2020,2
584,174,26.22,"X†",1,2,"Female",2020,2
75,175,24.23,"",0,0,"Female",2017,3
64,175,24.17,"",-1,0,"Female",2017,3
56,175,24.28,"",-2,0,"Female",2017,3
637,175,25.3,"",3,3,"Female",2017,3
634,175,25.32,"",2,3,"Female",2017,3
225,175,24.57,"R†",1,3,"Female",2017,3
4,176,23.22,"R†",0,0,"Female",2021,1
27,176,23.59,"R†",-2,0,"Female",2021,1
90,176,22.41,"B†",3,1,"Female",2021,1
53,176,22.22,"US OPEN†",2,1,"Female",2021,1
109,176,22.53,"B†",1,1,"Female",2021,1
35,177,23.66,"R†",-1,0,"Female",2020,1
324,177,23.08,"NICB†R†",3,1,"Female",2020,1
602,177,23.89,"X†",1,1,"Female",2020,1
60,178,24.13,"",-1,0,"Female",2017,3
54,178,24.26,"R†",-2,0,"Female",2017,3
279,178,24.69,"",1,3,"Female",2017,3
540,179,26.2,"",-1,0,"Female",2020,3
462,179,24.84,"R†",4,3,"Female",2020,3
581,179,25.07,"",3,3,"Female",2020,3
173,179,24.32,"",2,3,"Female",2020,3
139,179,25.05,"",1,3,"Female",2020,3
475,180,25.71,"X†",0,0,"Female",2023,2
172,180,24.73,"R†",-1,0,"Female",2023,2
155,180,25.26,"R†",-2,0,"Female",2023,2
403,180,24.94,"",1,2,"Female",2023,2
267,181,26.05,"X†R†",0,0,"Female",2021,2
531,181,26.07,"R†",-3,0,"Female",2021,2
289,181,24.61,"",3,2,"Female",2021,2
304,181,24.66,"",2,2,"Female",2021,2
298,181,24.64,"",1,2,"Female",2021,2
511,182,26.02,"R†",-2,0,"Female",2020,2
861,182,27.72,"",1,2,"Female",2020,2
72,183,24.25,"",-2,0,"Female",2018,1
53,183,24.24,"",-3,0,"Female",2018,1
621,183,23.64,"",2,1,"Female",2018,1
441,183,23.37,"",1,1,"Female",2018,1
189,184,24.99,"",0,0,"Female",2017,2
36,184,23.89,"",-1,0,"Female",2017,2
49,184,24.21,"",-2,0,"Female",2017,2
380,184,24.87,"",5,2,"Female",2017,2
263,184,24.96,"",4,2,"Female",2017,2
328,184,24.76,"",3,2,"Female",2017,2
198,184,24.38,"",2,2,"Female",2017,2
186,184,24.36,"",1,2,"Female",2017,2
945,185,32.27,"",0,0,"Female",2021,3
538,185,25.01,"R†",2,3,"Female",2021,3
460,185,24.96,"R†",1,3,"Female",2021,3
653,186,28.23,"R†",-2,0,"Female",2019,2
571,186,25.41,"",4,2,"Female",2019,2
391,186,24.9,"",3,2,"Female",2019,2
434,186,25.65,"",2,2,"Female",2019,2
563,186,25.45,"",1,2,"Female",2019,2
734,187,27.14,"R†",-2,0,"Female",2021,1
644,187,23.57,"",1,1,"Female",2021,1
94,188,24.24,"X†",0,0,"Female",2022,3
189,188,25.54,"X†",-1,0,"Female",2022,3
132,188,24.45,"",-3,0,"Female",2022,3
87,188,23.9,"",2,3,"Female",2022,3
27,188,23.47,"",1,3,"Female",2022,3
435,189,26.39,"R†",0,0,"Female",2017,2
506,189,25.28,"",3,2,"Female",2017,2
455,189,25.15,"",2,2,"Female",2017,2
593,189,25.64,"R†",1,2,"Female",2017,2
11,190,23.21,"",0,0,"Female",2019,1
18,190,23.27,"",-1,0,"Female",2019,1
13,190,23.35,"",-2,0,"Female",2019,1
56,190,24.09,"",-3,0,"Female",2019,1
67,190,22.31,"B†",5,1,"Female",2019,1
50,190,22.21,"US OPEN†",4,1,"Female",2019,1
83,190,22.39,"B†",3,1,"Female",2019,1
340,190,23.44,"R†",2,1,"Female",2019,1
148,190,22.76,"B†R†",1,1,"Female",2019,1
483,191,25.99,"R†",-2,0,"Female",2021,3
603,191,26.35,"R†",-3,0,"Female",2021,3
370,191,24.67,"",3,3,"Female",2021,3
482,191,24.91,"",2,3,"Female",2021,3
314,191,24.68,"",1,3,"Female",2021,3
107,192,24.24,"R†",-1,0,"Female",2019,1
195,192,25.02,"R†",-2,0,"Female",2019,1
326,192,23.42,"",2,1,"Female",2019,1
612,192,23.63,"",1,1,"Female",2019,1
277,193,25.54,"",-1,0,"Female",2017,2
566,193,25.57,"",1,2,"Female",2017,2
817,194,27.73,"R†",-3,0,"Female",2022,2
616,194,25.5,"R†",1,2,"Female",2022,2
868,195,27.85,"R†",-1,0,"Female",2019,3
475,195,24.9,"",4,3,"Female",2019,3
666,195,25.28,"",3,3,"Female",2019,3
619,195,26.81,"",2,3,"Female",2019,3
686,195,25.37,"",1,3,"Female",2019,3
517,196,26.13,"",0,0,"Female",2019,1
441,196,23.62,"",2,1,"Female",2019,1
526,196,23.52,"",1,1,"Female",2019,1
29,197,20.88,"",-1,0,"Male",2019,1
30,197,20.96,"",-2,0,"Male",2019,1
440,197,23.5,"",-3,0,"Male",2019,1
613,197,20.65,"",3,1,"Male",2019,1
580,197,20.78,"R†",1,1,"Male",2019,1
251,198,25.1,"",0,0,"Female",2023,3
396,198,25.53,"X†",-1,0,"Female",2023,3
227,198,24.36,"",1,3,"Female",2023,3
215,199,22.15,"R†",-1,0,"Male",2018,3
1011,199,24.63,"X†",3,3,"Male",2018,3
459,199,21.72,"R†",1,3,"Male",2018,3
246,200,32.68,"X†",-1,0,"Male",2021,3
237,200,21.11,"",3,3,"Male",2021,3
241,200,21.19,"R†",2,3,"Male",2021,3
402,200,21.55,"",1,3,"Male",2021,3
155,201,22.01,"R†",0,0,"Male",2016,3
371,201,21.57,"",4,3,"Male",2016,3
667,201,22.01,"R†",3,3,"Male",2016,3
561,201,21.94,"",2,3,"Male",2016,3
472,201,21.86,"",1,3,"Male",2016,3
138,202,21.7,"R†",-2,0,"Male",2021,3
315,202,21.32,"",2,3,"Male",2021,3
326,202,21.41,"",1,3,"Male",2021,3
24,203,20.95,"",0,0,"Male",2016,1
74,203,21.67,"",-1,0,"Male",2016,1
402,203,20.67,"",5,1,"Male",2016,1
414,203,20.51,"",4,1,"Male",2016,1
633,203,20.95,"",2,1,"Male",2016,1
442,203,20.66,"",1,1,"Male",2016,1
299,204,22.38,"",-2,0,"Male",2021,3
50,204,20.48,"R†",3,3,"Male",2021,3
192,204,21.05,"",2,3,"Male",2021,3
376,204,21.5,"",1,3,"Male",2021,3
17,205,20.58,"R†",-1,0,"Male",2020,1
60,205,21.31,"R†",-3,0,"Male",2020,1
438,205,20.35,"",4,1,"Male",2020,1
276,205,20.41,"",1,1,"Male",2020,1
172,206,21.85,"",-3,0,"Male",2021,2
536,206,22.11,"",1,2,"Male",2021,2
41,207,21.4,"",-3,0,"Male",2018,1
143,207,19.81,"B†",4,1,"Male",2018,1
131,207,19.87,"B†",2,1,"Male",2018,1
190,207,20.03,"",1,1,"Male",2018,1
63,208,21.33,"R†",-2,0,"Male",2019,3
216,208,22.02,"R†",2,3,"Male",2019,3
327,208,21.49,"R†",1,3,"Male",2019,3
138,209,21.69,"R†",0,0,"Male",2018,3
466,209,24,"R†",-3,0,"Male",2018,3
601,209,21.93,"R†",1,3,"Male",2018,3
27,210,23.52,"",0,0,"Female",2023,1
37,210,23.74,"",-1,0,"Female",2023,1
328,210,23.05,"",1,1,"Female",2023,1
254,211,22.2,"R†",-1,0,"Male",2023,3
262,211,23.09,"R†",-2,0,"Male",2023,3
535,211,21.65,"",1,3,"Male",2023,3
21,212,20.71,"",-1,0,"Male",2020,1
26,212,20.86,"",-2,0,"Male",2020,1
503,212,20.45,"",4,1,"Male",2020,1
335,212,20.19,"",3,1,"Male",2020,1
358,212,20.28,"",2,1,"Male",2020,1
331,212,20.51,"",1,1,"Male",2020,1
1547,213,32.73,"",-2,0,"Male",2021,2
465,213,21.9,"",2,2,"Male",2021,2
524,213,22.07,"",1,2,"Male",2021,2
52,214,21.11,"",0,0,"Male",2023,3
102,214,21.55,"",-1,0,"Male",2023,3
513,214,21.61,"",1,3,"Male",2023,3
169,215,25.38,"R†",-1,0,"Female",2022,3
534,215,24.96,"",2,3,"Female",2022,3
606,215,25.14,"R†",1,3,"Female",2022,3
20,216,20.74,"",0,0,"Male",2017,1
111,216,21.86,"",-2,0,"Male",2017,1
222,216,20.28,"",4,1,"Male",2017,1
264,216,20.24,"R†",3,1,"Male",2017,1
249,216,20.18,"",2,1,"Male",2017,1
458,216,20.69,"",1,1,"Male",2017,1
14,217,20.43,"",0,0,"Male",2019,1
18,217,20.59,"",-1,0,"Male",2019,1
33,217,21,"",-2,0,"Male",2019,1
211,217,22.28,"R†",-3,0,"Male",2019,1
119,217,19.69,"B†",4,1,"Male",2019,1
117,217,19.7,"B†",3,1,"Male",2019,1
162,217,20.09,"",2,1,"Male",2019,1
218,217,20.14,"",1,1,"Male",2019,1
146,218,24.62,"",0,0,"Female",2023,3
350,218,25.4,"",-1,0,"Female",2023,3
402,218,24.73,"",1,3,"Female",2023,3
566,219,26.31,"R†",-1,0,"Female",2020,2
555,219,26.17,"",-2,0,"Female",2020,2
539,219,27.11,"R†",-3,0,"Female",2020,2
512,219,25.26,"",2,2,"Female",2020,2
349,219,25.38,"",1,2,"Female",2020,2
101,220,21.49,"",0,0,"Male",2019,1
109,220,21.57,"",-1,0,"Male",2019,1
405,220,22.96,"R†",-2,0,"Male",2019,1
361,220,20.23,"NICB†",4,1,"Male",2019,1
686,220,20.93,"",1,1,"Male",2019,1
47,221,24,"",0,0,"Female",2016,1
33,221,23.93,"",-1,0,"Female",2016,1
237,221,22.99,"NICB†",4,1,"Female",2016,1
349,221,23.24,"NICB†",3,1,"Female",2016,1
469,221,23.43,"",2,1,"Female",2016,1
516,221,23.54,"",1,1,"Female",2016,1
70,222,23.94,"",0,0,"Female",2018,1
224,222,22.96,"NICB†",2,1,"Female",2018,1
451,222,23.38,"",1,1,"Female",2018,1
134,223,24.48,"R†",0,0,"Female",2019,3
278,223,25.13,"R†",-1,0,"Female",2019,3
231,223,25.24,"R†",-2,0,"Female",2019,3
410,223,24.87,"",3,3,"Female",2019,3
617,223,25.25,"R†",1,3,"Female",2019,3
28,224,20.85,"",-1,0,"Male",2023,1
200,224,19.88,"",1,1,"Male",2023,1
312,225,22.37,"R†",0,0,"Male",2018,2
566,225,22.45,"",1,2,"Male",2018,2
24,226,20.75,"",-1,0,"Male",2020,1
51,226,21.15,"",-2,0,"Male",2020,1
102,226,19.62,"B†",4,1,"Male",2020,1
37,226,19.26,"NICA†",3,1,"Male",2020,1
163,226,19.87,"B†",2,1,"Male",2020,1
176,226,20.15,"",1,1,"Male",2020,1
63,227,21.19,"R†",0,0,"Male",2019,2
116,227,21.6,"R†",-1,0,"Male",2019,2
308,227,21.52,"",1,2,"Male",2019,2
132,228,21.78,"",0,0,"Male",2017,3
337,228,21.56,"",1,3,"Male",2017,3
1231,229,31.01,"",-1,0,"Female",2020,2
765,229,27.11,"",1,2,"Female",2020,2
82,230,24.05,"",0,0,"Female",2018,3
68,230,24.19,"",-1,0,"Female",2018,3
79,230,24.31,"",-2,0,"Female",2018,3
131,230,24.79,"",-3,0,"Female",2018,3
101,230,24.03,"",4,3,"Female",2018,3
87,230,24.76,"",3,3,"Female",2018,3
132,230,24.18,"",2,3,"Female",2018,3
63,230,23.83,"",1,3,"Female",2018,3
6,231,22.98,"R†",0,0,"Female",2017,1
9,231,23.11,"R†",-1,0,"Female",2017,1
3,231,22.79,"",-2,0,"Female",2017,1
150,231,22.95,"",4,1,"Female",2017,1
121,231,22.66,"B†",3,1,"Female",2017,1
310,231,23.17,"",2,1,"Female",2017,1
325,231,23.2,"",1,1,"Female",2017,1
89,232,24.24,"",0,0,"Female",2019,2
164,232,24.59,"",-1,0,"Female",2019,2
68,232,24.19,"",-2,0,"Female",2019,2
82,232,24.33,"",-3,0,"Female",2019,2
281,232,24.59,"R†",3,2,"Female",2019,2
121,232,24.32,"",2,2,"Female",2019,2
170,232,24.25,"",1,2,"Female",2019,2
81,233,21.43,"R†",-1,0,"Male",2018,2
31,233,21.03,"R†",-2,0,"Male",2018,2
244,233,21.32,"R†",2,2,"Male",2018,2
200,233,21.21,"",1,2,"Male",2018,2
21,234,20.74,"",0,0,"Male",2018,1
26,234,20.88,"",-1,0,"Male",2018,1
123,234,21.82,"",-2,0,"Male",2018,1
325,234,20.5,"",3,1,"Male",2018,1
669,234,20.91,"",2,1,"Male",2018,1
371,234,20.47,"",1,1,"Male",2018,1
10,235,20.78,"R†",-3,0,"Male",2019,1
677,235,20.92,"R†",1,1,"Male",2019,1
338,236,22.47,"R†",-1,0,"Male",2019,3
312,236,22.56,"R†",-2,0,"Male",2019,3
640,236,21.91,"",3,3,"Male",2019,3
216,236,22.02,"",2,3,"Male",2019,3
739,236,22.12,"",1,3,"Male",2019,3
154,237,21.89,"",-1,0,"Male",2018,3
250,237,22.48,"",-2,0,"Male",2018,3
501,237,21.77,"",2,3,"Male",2018,3
716,237,22.09,"",1,3,"Male",2018,3
8,238,23.17,"",0,0,"Female",2023,1
24,238,23.65,"",-1,0,"Female",2023,1
539,238,23.37,"",1,1,"Female",2023,1
123,239,24.39,"R†",0,0,"Female",2019,3
100,239,24.17,"R",-1,0,"Female",2019,3
150,239,24.16,"",5,3,"Female",2019,3
182,239,24.26,"",4,3,"Female",2019,3
261,239,24.56,"",3,3,"Female",2019,3
319,239,24.69,"R†",1,3,"Female",2019,3
97,240,24.8,"X†",-1,0,"Female",2022,1
604,240,23.5,"R†",1,1,"Female",2022,1
529,241,26.06,"R†",0,0,"Female",2018,2
439,241,25.05,"",4,2,"Female",2018,2
267,241,25.02,"",3,2,"Female",2018,2
302,241,24.69,"",2,2,"Female",2018,2
476,241,25.23,"",1,2,"Female",2018,2
203,242,24.82,"R†",-2,0,"Female",2020,2
375,242,24.86,"",4,2,"Female",2020,2
575,242,25.42,"X†",3,2,"Female",2020,2
399,242,25.57,"X†",1,2,"Female",2020,2
14,243,20.8,"",-1,0,"Male",2017,1
302,243,20.31,"",3,1,"Male",2017,1
233,243,20.14,"",2,1,"Male",2017,1
347,243,20.46,"",1,1,"Male",2017,1
268,244,25.36,"",0,0,"Female",2017,2
176,244,24.86,"",-1,0,"Female",2017,2
301,244,25.91,"",-2,0,"Female",2017,2
431,244,25.19,"",1,2,"Female",2017,2
820,245,30.57,"",-2,0,"Female",2023,2
519,245,25.2,"",1,2,"Female",2023,2
1,246,24.57,"",0,0,"Female",2020,1
63,246,24,"R†",-1,0,"Female",2020,1
51,246,23.77,"R†",-2,0,"Female",2020,1
56,246,24.03,"",-3,0,"Female",2020,1
433,246,23.23,"",4,1,"Female",2020,1
384,246,23.19,"",3,1,"Female",2020,1
723,246,24.07,"",1,1,"Female",2020,1
628,247,26.05,"R†",0,0,"Female",2023,3
287,247,24.52,"R†",1,3,"Female",2023,3
104,248,24.43,"",0,0,"Female",2017,2
138,248,24.12,"",1,2,"Female",2017,2
260,249,25.08,"",-3,0,"Female",2021,2
275,249,24.56,"",3,2,"Female",2021,2
221,249,24.39,"",2,2,"Female",2021,2
411,249,24.96,"",1,2,"Female",2021,2
9,250,23.23,"",-3,0,"Female",2018,1
644,250,23.57,"R†",4,1,"Female",2018,1
292,250,23.32,"R†",3,1,"Female",2018,1
234,250,22.98,"",2,1,"Female",2018,1
500,250,23.47,"",1,1,"Female",2018,1
103,251,22.04,"R†",0,0,"Male",2021,3
504,251,21.59,"",3,3,"Male",2021,3
645,251,21.83,"",2,3,"Male",2021,3
690,251,21.98,"",1,3,"Male",2021,3
143,252,22.06,"",-3,0,"Male",2018,3
584,252,21.84,"",4,3,"Male",2018,3
149,252,21.75,"",3,3,"Male",2018,3
223,252,21.3,"",2,3,"Male",2018,3
252,252,21.35,"",1,3,"Male",2018,3
315,253,22.25,"X†",0,0,"Male",2023,3
90,253,21.38,"R†",-1,0,"Male",2023,3
98,253,20.7,"",1,3,"Male",2023,3
144,254,24.86,"",0,0,"Female",2015,3
690,254,25.43,"R†",4,3,"Female",2015,3
597,254,25.37,"",2,3,"Female",2015,3
338,254,24.88,"",1,3,"Female",2015,3
147,255,24.63,"",0,0,"Female",2023,2
80,255,24.16,"",-1,0,"Female",2023,2
46,255,24.31,"",-2,0,"Female",2023,2
182,255,24.18,"",1,2,"Female",2023,2
24,256,20.78,"",0,0,"Male",2022,1
321,256,20.16,"",2,1,"Male",2022,1
349,256,20.21,"",1,1,"Male",2022,1
943,257,26.99,"X†R†",0,0,"Female",2022,3
617,257,25.15,"R†",1,3,"Female",2022,3
381,258,25.54,"X†",-1,0,"Female",2019,2
293,258,24.62,"R†",4,2,"Female",2019,2
259,258,24.53,"",3,2,"Female",2019,2
277,258,25.08,"",2,2,"Female",2019,2
263,258,24.57,"",1,2,"Female",2019,2
54,259,21.17,"",0,0,"Male",2018,1
648,259,20.91,"",1,1,"Male",2018,1
18,260,20.62,"R†",0,0,"Male",2019,1
245,260,22.47,"R†",-3,0,"Male",2019,1
172,260,19.84,"B†",4,1,"Male",2019,1
198,260,19.96,"B",3,1,"Male",2019,1
150,260,20.05,"",2,1,"Male",2019,1
194,260,20.08,"",1,1,"Male",2019,1
83,261,21.38,"",0,0,"Male",2018,3
186,261,22.05,"",-1,0,"Male",2018,3
136,261,21.9,"",-2,0,"Male",2018,3
97,261,20.78,"",4,3,"Male",2018,3
144,261,21.05,"R†",2,3,"Male",2018,3
98,261,20.93,"",1,3,"Male",2018,3
410,262,23.43,"R†",-1,0,"Male",2016,2
514,262,22.6,"",1,2,"Male",2016,2
41,263,20.96,"",0,0,"Male",2022,1
472,263,20.4,"CSCAA B†",2,1,"Male",2022,1
584,263,20.55,"NICB†",1,1,"Male",2022,1
119,264,21.61,"",0,0,"Male",2023,3
118,264,21.63,"",-1,0,"Male",2023,3
678,264,21.85,"",1,3,"Male",2023,3
13,265,20.42,"JRS†R†",0,0,"Male",2023,3
174,265,21.9,"X†R†",-1,0,"Male",2023,3
46,265,20.46,"",1,3,"Male",2023,3
75,266,24.63,"X†",-1,0,"Female",2022,1
76,266,24.11,"R†",-3,0,"Female",2022,1
451,266,23.3,"",1,1,"Female",2022,1
14,267,23.56,"",0,0,"Female",2015,1
508,267,23.48,"",4,1,"Female",2015,1
535,267,23.62,"",1,1,"Female",2015,1
871,268,24.38,"R†",-2,0,"Male",2020,1
201,268,20.23,"",1,1,"Male",2020,1
218,269,24.89,"R†",0,0,"Female",2018,3
302,269,24.66,"R†",4,3,"Female",2018,3
553,269,25.16,"R†",1,3,"Female",2018,3
107,270,24.24,"",-1,0,"Female",2019,3
166,270,24.89,"",-2,0,"Female",2019,3
444,270,26.68,"",-3,0,"Female",2019,3
81,270,23.95,"",3,3,"Female",2019,3
45,270,24.4,"",2,3,"Female",2019,3
90,270,24.04,"",1,3,"Female",2019,3
7,271,22.89,"",0,0,"Female",2018,1
3,271,22.74,"",-1,0,"Female",2018,1
3,271,22.73,"",-2,0,"Female",2018,1
24,271,21.93,"B†",4,1,"Female",2018,1
100,271,22.59,"B†",2,1,"Female",2018,1
124,271,22.71,"B†",1,1,"Female",2018,1
2,272,22.02,"",-1,0,"Male",2021,1
33,272,20.89,"",-2,0,"Male",2021,1
61,272,21.2,"",-3,0,"Male",2021,1
144,272,19.73,"B†",3,1,"Male",2021,1
157,272,19.79,"B†",2,1,"Male",2021,1
266,272,20.11,"",1,1,"Male",2021,1
219,273,22.09,"",0,0,"Male",2022,3
138,273,22.35,"",-1,0,"Male",2022,3
624,273,21.77,"",2,3,"Male",2022,3
689,273,21.89,"",1,3,"Male",2022,3
119,274,21.59,"R†",0,0,"Male",2019,3
431,274,21.51,"",4,3,"Male",2019,3
384,274,21.52,"",3,3,"Male",2019,3
114,274,21.58,"",2,3,"Male",2019,3
146,274,21.07,"",1,3,"Male",2019,3
180,275,22.22,"",-1,0,"Male",2016,2
497,275,22.13,"",4,2,"Male",2016,2
427,275,21.97,"",3,2,"Male",2016,2
350,275,21.92,"",1,2,"Male",2016,2
1383,276,29.01,"",-1,0,"Male",2020,1
378,276,20.25,"",3,1,"Male",2020,1
677,276,20.73,"",2,1,"Male",2020,1
518,276,20.91,"X†",1,1,"Male",2020,1
29,277,20.95,"",0,0,"Male",2017,1
217,277,22.38,"",-2,0,"Male",2017,1
223,277,20.16,"",3,1,"Male",2017,1
158,277,19.92,"NICA†",2,1,"Male",2017,1
364,277,20.49,"R†",1,1,"Male",2017,1
20,278,21.09,"R†",0,0,"Male",2021,1
199,278,22.02,"R†",-2,0,"Male",2021,1
453,278,20.36,"R†",2,1,"Male",2021,1
254,278,20.09,"",1,1,"Male",2021,1
392,279,22.65,"R†",-1,0,"Male",2020,3
473,279,22.97,"R†",-2,0,"Male",2020,3
667,279,23.32,"",1,3,"Male",2020,3
1451,280,30.46,"",-1,0,"Male",2020,1
761,280,21.37,"",1,1,"Male",2020,1
218,281,24.89,"",0,0,"Female",2018,3
255,281,25.32,"R†",-1,0,"Female",2018,3
720,281,25.37,"",4,3,"Female",2018,3
169,281,25.23,"",3,3,"Female",2018,3
490,281,25.03,"",2,3,"Female",2018,3
584,281,25.22,"",1,3,"Female",2018,3
33,282,23.7,"",0,0,"Female",2017,1
38,282,23.91,"",-1,0,"Female",2017,1
135,282,24.81,"",-2,0,"Female",2017,1
368,282,23.27,"",3,1,"Female",2017,1
349,282,23.24,"",2,1,"Female",2017,1
477,282,23.44,"",1,1,"Female",2017,1
434,283,25.71,"R†",-2,0,"Female",2020,3
457,283,26.32,"",1,3,"Female",2020,3
213,284,25.7,"",0,0,"Female",2021,2
373,284,25.53,"",-2,0,"Female",2021,2
416,284,25.67,"",-3,0,"Female",2021,2
425,284,25.02,"",2,2,"Female",2021,2
532,284,25.32,"",1,2,"Female",2021,2
135,285,24.69,"",0,0,"Female",2017,3
112,285,24.51,"",-1,0,"Female",2017,3
228,285,25.4,"",-2,0,"Female",2017,3
157,285,24.3,"R†",2,3,"Female",2017,3
270,285,24.67,"R†",1,3,"Female",2017,3
302,286,22.51,"R†",0,0,"Male",2017,3
238,286,21.32,"",2,3,"Male",2017,3
101,286,21.01,"",1,3,"Male",2017,3
78,287,21.3,"",-1,0,"Male",2020,2
180,287,21.89,"",-2,0,"Male",2020,2
166,287,20.93,"",2,2,"Male",2020,2
116,287,20.99,"R†",1,2,"Male",2020,2
185,288,21.95,"",0,0,"Male",2019,2
414,288,21.76,"",4,2,"Male",2019,2
510,288,22.04,"",3,2,"Male",2019,2
218,288,21.46,"",2,2,"Male",2019,2
458,288,22.01,"",1,2,"Male",2019,2
65,289,24.56,"X†",-2,0,"Female",2023,1
129,289,22.56,"B†",1,1,"Female",2023,1
567,290,27.34,"",-3,0,"Female",2020,2
678,290,26.65,"",1,2,"Female",2020,2
538,291,22.78,"X†R†",0,0,"Male",2023,3
795,291,23.58,"X†R†",-1,0,"Male",2023,3
688,291,21.86,"R†",1,3,"Male",2023,3
402,292,22.95,"R†",-3,0,"Male",2020,3
711,292,23.44,"",1,3,"Male",2020,3
1006,293,25.1,"R†",-2,0,"Male",2020,3
1081,293,24.94,"X†",1,3,"Male",2020,3
657,294,29.08,"",0,0,"Female",2021,1
410,294,23.27,"",1,1,"Female",2021,1
50,295,21.06,"",0,0,"Male",2019,1
76,295,21.31,"",-1,0,"Male",2019,1
149,295,21.88,"",-2,0,"Male",2019,1
228,295,22.35,"",-3,0,"Male",2019,1
356,295,20.22,"",4,1,"Male",2019,1
396,295,20.35,"",3,1,"Male",2019,1
589,295,20.79,"",1,1,"Male",2019,1
108,296,21.85,"",-3,0,"Male",2018,3
729,296,22.11,"",1,3,"Male",2018,3
35,297,20.89,"R†",0,0,"Male",2022,3
427,297,22.76,"R†",-3,0,"Male",2022,3
127,297,20.83,"",2,3,"Male",2022,3
245,297,21.2,"R†",1,3,"Male",2022,3
51,298,21.09,"",0,0,"Male",2022,3
250,298,21.15,"",2,3,"Male",2022,3
418,298,21.49,"",1,3,"Male",2022,3
12,299,23.23,"",-1,0,"Female",2020,1
11,299,23.07,"",-2,0,"Female",2020,1
700,299,24.03,"",1,1,"Female",2020,1
319,300,25.28,"",0,0,"Female",2018,3
560,300,25.16,"R†",2,3,"Female",2018,3
677,300,25.4,"",1,3,"Female",2018,3
179,301,24.76,"",0,0,"Female",2019,2
223,301,24.9,"",-1,0,"Female",2019,2
389,301,25.54,"",2,2,"Female",2019,2
406,301,24.98,"",1,2,"Female",2019,2
42,302,23.97,"R†",-3,0,"Female",2019,1
681,302,23.7,"",1,1,"Female",2019,1
39,303,21.11,"",0,0,"Male",2016,1
23,303,21.14,"",-1,0,"Male",2016,1
394,303,20.48,"",4,1,"Male",2016,1
524,303,20.73,"",3,1,"Male",2016,1
639,303,20.99,"",1,1,"Male",2016,1
306,304,25.28,"",-3,0,"Female",2022,2
366,304,24.83,"",2,2,"Female",2022,2
243,304,24.46,"",1,2,"Female",2022,2
48,305,21.42,"R†",0,0,"Male",2015,3
213,305,21.37,"",2,3,"Male",2015,3
422,305,21.82,"",1,3,"Male",2015,3
76,306,21.39,"R†",-1,0,"Male",2018,1
291,306,20.29,"",2,1,"Male",2018,1
450,306,20.6,"",1,1,"Male",2018,1
2,307,19.88,"",0,0,"Male",2023,1
147,307,21.76,"R†",-1,0,"Male",2023,1
169,307,22.56,"X†R†",-2,0,"Male",2023,1
192,307,19.86,"",1,1,"Male",2023,1
34,308,20.91,"R†",-1,0,"Male",2020,1
293,308,22.3,"",-2,0,"Male",2020,1
358,308,20.28,"",2,1,"Male",2020,1
325,308,20.5,"X†",1,1,"Male",2020,1
531,309,23.13,"R†",-1,0,"Male",2020,3
473,309,22.76,"",1,3,"Male",2020,3
548,310,26.22,"R†",-2,0,"Female",2021,3
625,310,25.22,"",1,3,"Female",2021,3
308,311,22.77,"",-1,0,"Male",2017,2
356,311,21.85,"",1,2,"Male",2017,2
24,312,21.17,"R†",0,0,"Male",2015,1
599,312,20.84,"",4,1,"Male",2015,1
538,312,20.9,"",1,1,"Male",2015,1
131,313,24.66,"",0,0,"Female",2017,3
101,313,24.46,"",-1,0,"Female",2017,3
166,313,25.05,"R†",-2,0,"Female",2017,3
316,313,24.78,"",1,3,"Female",2017,3
5,314,22.97,"",-1,0,"Female",2018,1
10,314,23.31,"",-2,0,"Female",2018,1
30,314,23.9,"R†",-3,0,"Female",2018,1
451,314,23.64,"",3,1,"Female",2018,1
96,314,22.56,"B†",2,1,"Female",2018,1
87,314,22.53,"NICA†",1,1,"Female",2018,1
261,315,22.11,"",0,0,"Male",2023,1
192,315,21.98,"X†R†",-1,0,"Male",2023,1
243,315,23.02,"X†R†",-2,0,"Male",2023,1
701,315,20.71,"R†",1,1,"Male",2023,1
4,316,22.39,"",0,0,"Male",2020,3
593,316,23.4,"",-2,0,"Male",2020,3
229,316,21.1,"",4,3,"Male",2020,3
226,316,21.15,"R†",3,3,"Male",2020,3
291,316,21.34,"",2,3,"Male",2020,3
401,316,22.55,"",1,3,"Male",2020,3
87,317,21.35,"",-1,0,"Male",2020,1
116,317,21.6,"",-2,0,"Male",2020,1
190,317,22.06,"",-3,0,"Male",2020,1
383,317,20.32,"JRS†",2,1,"Male",2020,1
549,317,20.97,"",1,1,"Male",2020,1
32,318,20.86,"R†",0,0,"Male",2019,2
70,318,21.26,"R†",-1,0,"Male",2019,2
128,318,20.88,"",1,2,"Male",2019,2
370,319,25.52,"R†",-2,0,"Female",2021,2
543,319,25.35,"",1,2,"Female",2021,2
355,320,22.56,"R†",-2,0,"Male",2021,3
176,320,21.03,"",2,3,"Male",2021,3
199,320,21.13,"",1,3,"Male",2021,3
54,321,23.8,"R†",-2,0,"Female",2020,1
18,321,23.42,"",-3,0,"Female",2020,1
632,321,23.94,"",1,1,"Female",2020,1
71,322,24.2,"",-2,0,"Female",2019,1
559,322,23.83,"",2,1,"Female",2019,1
452,322,23.42,"",1,1,"Female",2019,1
52,323,23.87,"",-1,0,"Female",2020,1
134,323,24.39,"",-2,0,"Female",2020,1
578,323,23.86,"",1,1,"Female",2020,1
1,324,22.65,"",0,0,"Female",2021,1
6,324,22.98,"",-2,0,"Female",2021,1
15,324,23.21,"",-3,0,"Female",2021,1
42,324,22.14,"B†",3,1,"Female",2021,1
61,324,22.25,"B†",2,1,"Female",2021,1
64,324,22.3,"B†",1,1,"Female",2021,1
203,325,24.88,"X†",0,0,"Female",2022,3
140,325,25.16,"R†",-1,0,"Female",2022,3
287,325,24.52,"",2,3,"Female",2022,3
307,325,24.58,"",1,3,"Female",2022,3
90,326,24.22,"X†",0,0,"Female",2022,3
1,326,22.6,"D3 B†",2,3,"Female",2022,3
1,326,22.78,"",1,3,"Female",2022,3
344,327,25.74,"R†",-3,0,"Female",2020,2
825,327,27.48,"X†",1,2,"Female",2020,2
16,328,23.76,"",0,0,"Female",2021,1
148,328,24.61,"",-2,0,"Female",2021,1
145,328,24.45,"",-3,0,"Female",2021,1
656,328,23.59,"",1,1,"Female",2021,1
118,329,24.39,"",0,0,"Female",2022,3
139,329,24.12,"R†",1,3,"Female",2022,3
124,330,24.64,"",0,0,"Female",2017,3
217,330,25.29,"",-2,0,"Female",2017,3
47,330,23.79,"",3,3,"Female",2017,3
98,330,24.05,"",2,3,"Female",2017,3
144,330,24.33,"",1,3,"Female",2017,3
313,331,25.25,"",0,0,"Female",2018,3
391,331,24.85,"",4,3,"Female",2018,3
399,331,24.86,"",2,3,"Female",2018,3
228,331,24.5,"",1,3,"Female",2018,3
167,332,24.69,"",-1,0,"Female",2020,3
326,332,24.59,"",4,3,"Female",2020,3
672,332,25.25,"R†",3,3,"Female",2020,3
410,332,24.87,"R†",2,3,"Female",2020,3
246,332,25.55,"",1,3,"Female",2020,3
107,333,24.31,"R†",-2,0,"Female",2021,3
139,333,24.19,"",1,3,"Female",2021,3
47,334,23.92,"",-2,0,"Female",2019,1
105,334,24.47,"",-3,0,"Female",2019,1
604,334,23.62,"",1,1,"Female",2019,1
26,335,23.62,"",0,0,"Female",2017,1
35,335,23.86,"",-1,0,"Female",2017,1
35,335,24.01,"",-2,0,"Female",2017,1
465,335,23.44,"NICB†",3,1,"Female",2017,1
564,335,23.56,"",1,1,"Female",2017,1
3,336,22.73,"",0,0,"Female",2016,1
11,336,23.33,"",-1,0,"Female",2016,1
253,336,23.04,"",4,1,"Female",2016,1
423,336,23.34,"",3,1,"Female",2016,1
85,336,22.54,"R†",2,1,"Female",2016,1
291,336,23.22,"",1,1,"Female",2016,1
561,337,26.19,"",-2,0,"Female",2020,3
784,337,27.34,"X†R†",1,3,"Female",2020,3
192,338,24.88,"R†",0,0,"Female",2023,3
346,338,25.39,"R†",-1,0,"Female",2023,3
194,338,25.59,"X†R†",-2,0,"Female",2023,3
496,338,24.9,"",1,3,"Female",2023,3
120,339,24.98,"",0,0,"Female",2021,3
397,339,25.61,"",-2,0,"Female",2021,3
570,339,26.21,"R†",-3,0,"Female",2021,3
294,339,24.63,"R†",1,3,"Female",2021,3
185,340,24.8,"",-1,0,"Female",2020,2
269,340,25.11,"",-2,0,"Female",2020,2
171,340,24.91,"",-3,0,"Female",2020,2
203,340,24.28,"",4,2,"Female",2020,2
219,340,24.38,"",3,2,"Female",2020,2
314,340,24.68,"",2,2,"Female",2020,2
67,340,23.97,"",1,2,"Female",2020,2
264,341,25.62,"",-3,0,"Female",2018,3
536,341,25.12,"",2,3,"Female",2018,3
155,341,24.29,"",1,3,"Female",2018,3
237,342,25.01,"",-2,0,"Female",2021,3
534,342,24.96,"R†",3,3,"Female",2021,3
601,342,25.13,"",2,3,"Female",2021,3
487,342,25,"",1,3,"Female",2021,3
64,343,23.9,"",0,0,"Female",2018,1
36,343,23.78,"",-1,0,"Female",2018,1
644,343,23.57,"",4,1,"Female",2018,1
330,343,23.21,"NICB†",2,1,"Female",2018,1
481,343,23.43,"NICB†",1,1,"Female",2018,1
212,344,24.86,"R†",0,0,"Female",2018,2
281,344,24.59,"",5,2,"Female",2018,2
432,344,25.01,"X†",4,2,"Female",2018,2
220,344,24.83,"",3,2,"Female",2018,2
178,344,24.27,"R†",2,2,"Female",2018,2
380,344,24.93,"",1,2,"Female",2018,2
564,345,26.2,"R†",-3,0,"Female",2021,3
610,345,25.2,"R†",1,3,"Female",2021,3
12,346,23.34,"R†",-2,0,"Female",2019,1
5,346,22.95,"",-3,0,"Female",2019,1
573,346,23.58,"",1,1,"Female",2019,1
425,347,22.69,"R†",-1,0,"Male",2023,3
318,347,23.46,"",-2,0,"Male",2023,3
678,347,21.85,"",1,3,"Male",2023,3
3,348,20.43,"",0,0,"Male",2021,1
20,348,20.67,"",-2,0,"Male",2021,1
413,348,20.37,"",1,1,"Male",2021,1
9,349,20.46,"R†",0,0,"Male",2017,1
9,349,20.77,"R†",-1,0,"Male",2017,1
245,349,20.07,"",5,1,"Male",2017,1
221,349,20.15,"",3,1,"Male",2017,1
212,349,20.09,"",2,1,"Male",2017,1
322,349,20.42,"",1,1,"Male",2017,1
211,350,25.27,"",0,0,"Female",2015,3
486,350,25.19,"",1,3,"Female",2015,3
444,351,26.44,"",-2,0,"Female",2019,3
478,351,27.06,"",-3,0,"Female",2019,3
725,351,25.44,"",1,3,"Female",2019,3
227,352,25.82,"",-2,0,"Female",2023,2
445,352,25.03,"",1,2,"Female",2023,2
658,353,26.73,"R†",-1,0,"Female",2020,3
1094,353,28.45,"X†R†",1,3,"Female",2020,3
10,354,23.2,"",0,0,"Female",2019,1
12,354,23.09,"",-1,0,"Female",2019,1
20,354,23.5,"",-2,0,"Female",2019,1
381,354,23.51,"",2,1,"Female",2019,1
321,354,23.19,"",1,1,"Female",2019,1
218,355,24.89,"",-1,0,"Female",2019,2
86,355,23.83,"D2 B†",4,2,"Female",2019,2
87,355,23.81,"B†",3,2,"Female",2019,2
40,355,23.77,"R†",2,2,"Female",2019,2
219,355,24.39,"",1,2,"Female",2019,2
248,356,25.49,"",0,0,"Female",2015,3
345,356,24.77,"",4,3,"Female",2015,3
434,356,25,"",3,3,"Female",2015,3
344,356,24.88,"",2,3,"Female",2015,3
148,356,24.37,"",1,3,"Female",2015,3
367,357,25.46,"R†",-3,0,"Female",2021,3
420,357,24.9,"",1,3,"Female",2021,3
5,358,20.43,"",0,0,"Male",2015,1
36,358,19.4,"",4,1,"Male",2015,1
67,358,19.65,"",3,1,"Male",2015,1
67,358,19.69,"",2,1,"Male",2015,1
85,358,19.88,"",1,1,"Male",2015,1
373,359,25.96,"",-3,0,"Female",2020,2
510,359,25.98,"",1,2,"Female",2020,2
157,360,24.64,"R†",-1,0,"Female",2020,3
481,360,24.88,"",4,3,"Female",2020,3
460,360,24.96,"",2,3,"Female",2020,3
134,360,25.03,"R†",1,3,"Female",2020,3
188,361,24.94,"",-1,0,"Female",2017,2
186,361,25.14,"",-2,0,"Female",2017,2
603,361,25.66,"",1,2,"Female",2017,2
64,362,24.13,"",0,0,"Female",2017,1
216,362,23.15,"",4,1,"Female",2017,1
257,362,23.05,"",3,1,"Female",2017,1
388,362,23.29,"",2,1,"Female",2017,1
525,362,23.51,"",1,1,"Female",2017,1
237,363,25.26,"",0,0,"Female",2017,3
116,363,24.71,"",-2,0,"Female",2017,3
221,363,24.41,"",3,3,"Female",2017,3
400,363,24.87,"",2,3,"Female",2017,3
176,363,24.43,"",1,3,"Female",2017,3
136,364,24.4,"",0,0,"Female",2018,3
490,364,25.04,"",1,3,"Female",2018,3
476,365,25.89,"R†",-3,0,"Female",2021,3
287,365,24.52,"",3,3,"Female",2021,3
272,365,24.51,"",2,3,"Female",2021,3
141,365,24.2,"",1,3,"Female",2021,3
11,366,23.31,"R†",0,0,"Female",2017,1
67,366,22.46,"D1-B†",4,1,"Female",2017,1
154,366,22.77,"",3,1,"Female",2017,1
117,366,22.7,"",1,1,"Female",2017,1
169,367,25.08,"",0,0,"Female",2015,3
216,367,24.54,"",2,3,"Female",2015,3
233,367,24.65,"",1,3,"Female",2015,3
124,368,21.61,"",0,0,"Male",2019,3
143,368,21.7,"",-1,0,"Male",2019,3
277,368,22.43,"",-2,0,"Male",2019,3
229,368,21.19,"",3,3,"Male",2019,3
228,368,21.31,"",1,3,"Male",2019,3
85,369,21.35,"",0,0,"Male",2022,3
48,369,21.46,"",-1,0,"Male",2022,3
229,369,21.1,"",2,3,"Male",2022,3
219,369,21.14,"",1,3,"Male",2022,3
31,370,23.55,"",-1,0,"Female",2019,1
90,370,24.34,"",-2,0,"Female",2019,1
119,370,22.58,"NICA†R†",4,1,"Female",2019,1
69,370,22.31,"B†",3,1,"Female",2019,1
155,370,22.96,"",2,1,"Female",2019,1
184,370,22.87,"",1,1,"Female",2019,1
18,371,23.42,"",0,0,"Female",2017,1
23,371,23.69,"R†",-1,0,"Female",2017,1
45,371,24.14,"",-2,0,"Female",2017,1
568,371,23.84,"",4,1,"Female",2017,1
440,371,23.4,"",3,1,"Female",2017,1
638,371,23.64,"",1,1,"Female",2017,1
46,372,23.83,"R†",-1,0,"Female",2020,1
114,372,24.26,"",-2,0,"Female",2020,1
68,372,24.19,"",-3,0,"Female",2020,1
559,372,23.83,"",1,1,"Female",2020,1
159,373,24.87,"",0,0,"Female",2017,2
85,373,24.35,"",-1,0,"Female",2017,2
122,373,24.74,"",-2,0,"Female",2017,2
607,373,25.67,"",1,2,"Female",2017,2
22,374,20.94,"",0,0,"Male",2016,3
90,374,21.77,"",-1,0,"Male",2016,3
84,374,20.85,"R†",4,3,"Male",2016,3
155,374,21.12,"",3,3,"Male",2016,3
200,374,21.31,"",2,3,"Male",2016,3
191,374,21.32,"R†",1,3,"Male",2016,3
12,375,20.79,"R†",0,0,"Male",2016,1
98,375,19.73,"B",4,1,"Male",2016,1
109,375,19.74,"B†",3,1,"Male",2016,1
75,375,19.7,"",2,1,"Male",2016,1
141,375,20,"",1,1,"Male",2016,1
41,376,23.73,"",0,0,"Female",2023,1
100,376,24.29,"",-1,0,"Female",2023,1
142,376,25.17,"",-2,0,"Female",2023,1
663,376,23.52,"",1,1,"Female",2023,1
159,377,24.97,"",-3,0,"Female",2018,1
549,377,23.52,"",1,1,"Female",2018,1
58,378,23.95,"",-1,0,"Female",2020,1
160,378,24.54,"",-2,0,"Female",2020,1
169,378,24.9,"R†",-3,0,"Female",2020,1
546,378,23.38,"R†",4,1,"Female",2020,1
395,378,23.21,"NICB†",3,1,"Female",2020,1
462,378,23.34,"",2,1,"Female",2020,1
441,378,23.62,"R†",1,1,"Female",2020,1
5,379,22.89,"",0,0,"Female",2022,1
6,379,23.3,"",-1,0,"Female",2022,1
5,379,22.95,"",-3,0,"Female",2022,1
88,379,22.4,"B†",2,1,"Female",2022,1
57,379,22.23,"B†",1,1,"Female",2022,1
203,380,25.01,"R†",-3,0,"Female",2019,1
477,380,23.7,"",2,1,"Female",2019,1
621,380,23.64,"R†",1,1,"Female",2019,1
86,381,24.22,"R†",0,0,"Female",2019,2
137,381,24.41,"R†",-1,0,"Female",2019,2
113,381,24.52,"",-2,0,"Female",2019,2
258,381,24.52,"R†",3,2,"Female",2019,2
299,381,25.18,"",2,2,"Female",2019,2
390,381,24.94,"R†",1,2,"Female",2019,2
8,382,20.43,"R†",-2,0,"Male",2020,1
121,382,19.71,"X†R†",2,1,"Male",2020,1
262,382,20.38,"X†R†",1,1,"Male",2020,1
20,383,20.6,"",0,0,"Male",2023,1
21,383,20.71,"",-1,0,"Male",2023,1
41,383,21.43,"",-2,0,"Male",2023,1
543,383,20.51,"CSCAA B†",1,1,"Male",2023,1
2,384,20.02,"",0,0,"Male",2022,1
96,384,21.45,"",-3,0,"Male",2022,1
163,384,19.79,"B†",2,1,"Male",2022,1
253,384,20.04,"",1,1,"Male",2022,1
27,385,23.66,"",0,0,"Female",2017,3
90,385,24.38,"R†",-1,0,"Female",2017,3
67,385,24.32,"",-2,0,"Female",2017,3
68,385,23.93,"",3,3,"Female",2017,3
32,385,23.61,"",2,3,"Female",2017,3
25,385,23.61,"",1,3,"Female",2017,3
73,386,24.26,"",0,0,"Female",2016,1
146,386,24.88,"",-1,0,"Female",2016,1
291,386,23.12,"",4,1,"Female",2016,1
207,386,22.98,"",3,1,"Female",2016,1
525,386,23.51,"",2,1,"Female",2016,1
377,386,23.35,"",1,1,"Female",2016,1
33,387,20.93,"",0,0,"Male",2018,1
56,387,21.29,"",-1,0,"Male",2018,1
374,387,23.23,"",-3,0,"Male",2018,1
672,387,20.95,"",1,1,"Male",2018,1
340,388,22.49,"X†R†",-1,0,"Male",2023,3
646,388,21.8,"",1,3,"Male",2023,3
333,389,22.65,"R†",0,0,"Male",2017,3
278,389,21.4,"",2,3,"Male",2017,3
177,389,21.23,"",1,3,"Male",2017,3
118,390,24.37,"",-1,0,"Female",2020,2
213,390,24.81,"",1,2,"Female",2020,2
116,391,24.97,"X†",0,0,"Female",2021,3
331,391,25.36,"R†",-2,0,"Female",2021,3
656,391,25.22,"",2,3,"Female",2021,3
502,391,25.03,"",1,3,"Female",2021,3
58,392,23.83,"",-2,0,"Female",2020,1
104,392,24.43,"",-3,0,"Female",2020,1
663,392,23.52,"",4,1,"Female",2020,1
536,392,23.43,"NICB†",2,1,"Female",2020,1
789,392,24.17,"",1,1,"Female",2020,1
4,393,22.84,"JRS†",-1,0,"Female",2023,1
31,393,24.08,"X†R†",-2,0,"Female",2023,1
581,393,23.42,"",1,1,"Female",2023,1
344,394,26.18,"",-1,0,"Female",2016,3
619,394,25.43,"",1,3,"Female",2016,3
1,395,22.49,"",0,0,"Female",2016,1
8,395,23.2,"R†",-1,0,"Female",2016,1
34,395,22.14,"B†",4,1,"Female",2016,1
13,395,21.82,"R†",3,1,"Female",2016,1
14,395,21.94,"R†",2,1,"Female",2016,1
12,395,21.76,"",1,1,"Female",2016,1
21,396,23.68,"",0,0,"Female",2015,1
225,396,23.01,"",4,1,"Female",2015,1
201,396,22.94,"",3,1,"Female",2015,1
268,396,23.15,"",2,1,"Female",2015,1
322,396,23.33,"",1,1,"Female",2015,1
26,397,23.55,"",0,0,"Female",2019,1
20,397,23.32,"",-1,0,"Female",2019,1
52,397,24.01,"",-2,0,"Female",2019,1
294,397,23,"",5,1,"Female",2019,1
413,397,23.24,"",4,1,"Female",2019,1
303,397,23.09,"",3,1,"Female",2019,1
86,397,22.61,"D1-B†",2,1,"Female",2019,1
452,397,23.42,"",1,1,"Female",2019,1
413,398,25.68,"X†R†",-1,0,"Female",2020,3
91,398,23.92,"",4,3,"Female",2020,3
337,398,24.65,"",3,3,"Female",2020,3
618,398,25.21,"X†",2,3,"Female",2020,3
82,398,24.75,"",1,3,"Female",2020,3
304,399,25.26,"",0,0,"Female",2023,3
267,399,25.13,"",-1,0,"Female",2023,3
157,399,25.27,"",-2,0,"Female",2023,3
486,399,24.89,"",1,3,"Female",2023,3
6,400,23,"R†",0,0,"Female",2023,1
433,400,23.23,"",1,1,"Female",2023,1
186,401,24.8,"",0,0,"Female",2022,3
175,401,24.72,"",-3,0,"Female",2022,3
69,401,23.79,"",2,3,"Female",2022,3
176,401,24.24,"",1,3,"Female",2022,3
37,402,23.7,"",0,0,"Female",2023,1
60,402,23.98,"",-1,0,"Female",2023,1
64,402,24.54,"R†",-2,0,"Female",2023,1
351,402,23.1,"",1,1,"Female",2023,1
126,403,24.42,"",-2,0,"Female",2021,3
227,403,24.93,"",-3,0,"Female",2021,3
35,403,23.61,"",3,3,"Female",2021,3
34,403,23.55,"",2,3,"Female",2021,3
141,403,24.2,"",1,3,"Female",2021,3
78,404,24.03,"R†",0,0,"Female",2018,3
512,404,25.05,"R†",4,3,"Female",2018,3
267,404,24.55,"",2,3,"Female",2018,3
306,404,24.69,"",1,3,"Female",2018,3
23,405,23.46,"",-2,0,"Female",2020,1
55,405,24.02,"",-3,0,"Female",2020,1
581,405,23.42,"",4,1,"Female",2020,1
440,405,23.28,"",3,1,"Female",2020,1
258,405,22.99,"NICB†",2,1,"Female",2020,1
251,405,23.22,"",1,1,"Female",2020,1
205,406,25.24,"",0,0,"Female",2015,3
526,406,25.1,"R†",4,3,"Female",2015,3
478,406,25.07,"",3,3,"Female",2015,3
393,406,24.99,"",2,3,"Female",2015,3
542,406,25.29,"",1,3,"Female",2015,3
42,407,23.97,"R†",0,0,"Female",2016,1
13,407,23.55,"",-1,0,"Female",2016,1
126,407,22.67,"B†",4,1,"Female",2016,1
132,407,22.74,"B†R†",3,1,"Female",2016,1
251,407,23.04,"",2,1,"Female",2016,1
260,407,23.13,"",1,1,"Female",2016,1
25,408,23.47,"",-2,0,"Female",2020,1
460,408,23.66,"",1,1,"Female",2020,1
355,409,22.76,"R†",-2,0,"Male",2019,3
348,409,22.97,"R†",-3,0,"Male",2019,3
699,409,23.41,"",2,3,"Male",2019,3
598,409,21.92,"",1,3,"Male",2019,3
651,410,23.02,"X†R†",0,0,"Male",2023,2
102,410,21.55,"R†",-1,0,"Male",2023,2
506,410,21.94,"R†",1,2,"Male",2023,2
41,412,24.08,"R†",-2,0,"Female",2017,1
474,412,23.42,"NICB†",2,1,"Female",2017,1
518,412,23.5,"",1,1,"Female",2017,1
74,411,24.22,"",0,0,"Female",2017,1
143,411,24.69,"R†",-1,0,"Female",2017,1
638,411,23.64,"",1,1,"Female",2017,1
71,413,24.61,"X†",0,0,"Female",2021,1
31,413,23.62,"R†",-2,0,"Female",2021,1
35,413,23.61,"R†",-3,0,"Female",2021,1
376,413,23.14,"",3,1,"Female",2021,1
439,413,23.31,"",1,1,"Female",2021,1
27,414,23.5,"",0,0,"Female",2018,1
24,414,23.6,"",-1,0,"Female",2018,1
27,414,23.81,"",-2,0,"Female",2018,1
73,414,24.39,"",-3,0,"Female",2018,1
536,414,23.43,"",4,1,"Female",2018,1
385,414,23.3,"",2,1,"Female",2018,1
241,414,23.05,"",1,1,"Female",2018,1
5,415,23.13,"",0,0,"Female",2015,1
151,415,22.8,"",4,1,"Female",2015,1
221,415,22.97,"",3,1,"Female",2015,1
143,415,22.8,"",2,1,"Female",2015,1
150,415,22.91,"",1,1,"Female",2015,1
31,416,23.91,"",0,0,"Female",2015,1
727,416,23.84,"",1,1,"Female",2015,1
450,417,22.83,"X†R†",-1,0,"Male",2020,3
901,417,24.14,"X†R†",1,3,"Male",2020,3
53,418,23.92,"",0,0,"Female",2022,3
26,418,24.04,"",-1,0,"Female",2022,3
218,418,24.34,"",2,3,"Female",2022,3
87,418,23.88,"",1,3,"Female",2022,3
4,419,20.37,"",0,0,"Male",2015,1
39,419,19.43,"B†",4,1,"Male",2015,1
106,419,19.83,"",3,1,"Male",2015,1
108,419,19.91,"",2,1,"Male",2015,1
185,419,20.24,"",1,1,"Male",2015,1
283,420,22.3,"X†",0,0,"Male",2022,3
398,420,23.97,"X†",-1,0,"Male",2022,3
646,420,21.8,"",2,3,"Male",2022,3
602,420,21.78,"",1,3,"Male",2022,3
18,421,20.62,"",-2,0,"Male",2021,1
230,421,19.95,"",3,1,"Male",2021,1
269,421,20.08,"",2,1,"Male",2021,1
213,421,19.99,"",1,1,"Male",2021,1
284,422,22.32,"X†R†",-3,0,"Male",2022,1
230,422,19.95,"",2,1,"Male",2022,1
217,422,19.96,"US OPEN†",1,1,"Male",2022,1
318,423,22.88,"",-3,0,"Male",2018,3
380,423,21.58,"",2,3,"Male",2018,3
685,423,22.03,"R†",1,3,"Male",2018,3
246,424,22.19,"R†",-1,0,"Male",2020,3
337,424,22.38,"",1,3,"Male",2020,3
140,425,21.72,"",0,0,"Male",2019,3
343,425,22.7,"R†",-2,0,"Male",2019,3
363,425,21.41,"",4,3,"Male",2019,3
616,425,21.88,"R†",3,3,"Male",2019,3
380,425,21.58,"R†",1,3,"Male",2019,3
164,426,24.59,"",-1,0,"Female",2019,3
111,426,24.49,"",-2,0,"Female",2019,3
508,426,25.07,"",1,3,"Female",2019,3
50,427,21.06,"",0,0,"Male",2019,1
98,427,21.53,"",-1,0,"Male",2019,1
253,427,22.32,"",-2,0,"Male",2019,1
211,427,22.28,"R†",-3,0,"Male",2019,1
589,427,21.05,"",2,1,"Male",2019,1
643,427,20.86,"",1,1,"Male",2019,1
69,428,21.46,"R†",0,0,"Male",2016,1
68,428,19.62,"B†R†",4,1,"Male",2016,1
144,428,19.88,"B†",3,1,"Male",2016,1
164,428,20,"",2,1,"Male",2016,1
330,428,20.46,"",1,1,"Male",2016,1
419,429,25.56,"",0,0,"Female",2023,3
298,429,24.54,"",1,3,"Female",2023,3
27,430,20.84,"",0,0,"Male",2022,3
827,430,24.47,"R†",-3,0,"Male",2022,3
1,430,19.66,"D3 B†",2,3,"Male",2022,3
48,430,20.47,"R†",1,3,"Male",2022,3
12,431,20.36,"R†",0,0,"Male",2019,1
14,431,20.55,"",-1,0,"Male",2019,1
101,431,21.57,"",-2,0,"Male",2019,1
102,431,19.62,"B†",4,1,"Male",2019,1
107,431,19.66,"B†",3,1,"Male",2019,1
87,431,19.81,"D1-B†",2,1,"Male",2019,1
185,431,20.05,"",1,1,"Male",2019,1
88,432,21.44,"R†",0,0,"Male",2018,3
252,432,22.31,"",-1,0,"Male",2018,3
170,432,22.09,"",-2,0,"Male",2018,3
270,432,22.61,"",-3,0,"Male",2018,3
318,432,21.48,"",1,3,"Male",2018,3
59,433,21.24,"",0,0,"Male",2023,3
587,433,23.13,"X†R†",-1,0,"Male",2023,3
408,433,21.45,"R†",1,3,"Male",2023,3
1,434,19.95,"R†",0,0,"Male",2016,1
3,434,20.19,"R†",-1,0,"Male",2016,1
17,434,19.24,"B†",4,1,"Male",2016,1
39,434,19.43,"B†R†",3,1,"Male",2016,1
193,434,20.08,"",2,1,"Male",2016,1
401,434,20.57,"",1,1,"Male",2016,1
59,435,21.16,"",0,0,"Male",2019,3
65,435,21.22,"",-1,0,"Male",2019,3
199,435,22.08,"R†",-2,0,"Male",2019,3
360,435,23.05,"R†",-3,0,"Male",2019,3
441,435,21.67,"R†",1,3,"Male",2019,3
238,436,24.98,"R†",-3,0,"Female",2021,3
503,436,24.91,"",3,3,"Female",2021,3
566,436,25.05,"",2,3,"Female",2021,3
449,436,24.94,"R†",1,3,"Female",2021,3
338,437,25.35,"",-3,0,"Female",2021,3
635,437,25.14,"",3,3,"Female",2021,3
573,437,25.06,"",2,3,"Female",2021,3
420,437,24.9,"",1,3,"Female",2021,3
311,438,25.29,"R†",-2,0,"Female",2021,3
637,438,25.24,"",1,3,"Female",2021,3
156,439,24.53,"",0,0,"Female",2018,1
41,439,23.82,"",-1,0,"Female",2018,1
79,439,24.31,"",-2,0,"Female",2018,1
778,439,24.15,"",3,1,"Female",2018,1
681,439,23.7,"",2,1,"Female",2018,1
568,439,23.54,"NICB†",1,1,"Female",2018,1
21,440,23.68,"R†",0,0,"Female",2015,1
561,440,23.66,"",1,1,"Female",2015,1
116,441,24.54,"R†",0,0,"Female",2016,2
135,441,24.81,"R†",-1,0,"Female",2016,2
273,441,24.72,"",2,2,"Female",2016,2
353,441,25.02,"",1,2,"Female",2016,2
259,442,25.09,"X†",-1,0,"Female",2020,3
312,442,24.56,"",4,3,"Female",2020,3
198,442,24.31,"",3,3,"Female",2020,3
233,442,24.48,"",2,3,"Female",2020,3
303,442,25.78,"",1,3,"Female",2020,3
64,443,24.17,"",0,0,"Female",2016,2
50,443,24.22,"",-1,0,"Female",2016,2
273,443,24.6,"",4,2,"Female",2016,2
340,443,24.83,"",3,2,"Female",2016,2
245,443,24.61,"",2,2,"Female",2016,2
208,443,24.47,"",1,2,"Female",2016,2
233,444,25,"",-1,0,"Female",2020,3
282,444,25.14,"",-2,0,"Female",2020,3
338,444,25.7,"",-3,0,"Female",2020,3
255,444,25.59,"",1,3,"Female",2020,3
79,445,21.77,"R†",0,0,"Male",2021,3
211,445,21.06,"",3,3,"Male",2021,3
525,445,21.65,"R†",2,3,"Male",2021,3
561,445,21.79,"",1,3,"Male",2021,3
138,446,24.82,"R†",0,0,"Female",2015,1
468,446,23.54,"",1,1,"Female",2015,1
134,447,24.65,"R†",-1,0,"Female",2017,1
423,447,23.34,"",2,1,"Female",2017,1
650,447,23.66,"",1,1,"Female",2017,1
13,448,23.26,"",-2,0,"Female",2021,1
106,448,24.23,"",-3,0,"Female",2021,1
387,448,23.16,"",3,1,"Female",2021,1
604,448,23.5,"",2,1,"Female",2021,1
373,448,23.21,"",1,1,"Female",2021,1
40,449,23.81,"",0,0,"Female",2017,1
19,449,23.56,"",-1,0,"Female",2017,1
34,449,23.99,"",-2,0,"Female",2017,1
452,449,23.42,"",3,1,"Female",2017,1
267,449,23.09,"",2,1,"Female",2017,1
469,449,23.43,"",1,1,"Female",2017,1
343,450,25.37,"",-2,0,"Female",2020,3
131,450,25.01,"",1,3,"Female",2020,3
23,451,20.62,"",0,0,"Male",2023,3
59,451,21.2,"",-1,0,"Male",2023,3
140,451,20.87,"",1,3,"Male",2023,3
45,452,21.04,"R†",-1,0,"Male",2020,1
699,452,21.25,"",1,1,"Male",2020,1
297,453,22.21,"R†",0,0,"Male",2023,2
451,453,22.77,"X†",-1,0,"Male",2023,2
458,453,21.82,"",1,2,"Male",2023,2
152,454,22,"",-2,0,"Male",2018,2
150,454,22.09,"",-3,0,"Male",2018,2
428,454,21.91,"",2,2,"Male",2018,2
280,454,21.53,"",1,2,"Male",2018,2
37,455,21.08,"",-2,0,"Male",2018,1
480,455,20.63,"NICB†",2,1,"Male",2018,1
404,455,20.52,"NICB†",1,1,"Male",2018,1
29,456,20.88,"R†",0,0,"Male",2018,3
38,456,21.06,"",-1,0,"Male",2018,3
103,456,21.64,"R†",-2,0,"Male",2018,3
134,456,22.03,"R†",-3,0,"Male",2018,3
338,456,21.51,"",2,3,"Male",2018,3
398,456,21.64,"",1,3,"Male",2018,3
159,457,21.81,"",0,0,"Male",2018,3
225,457,22.19,"",-1,0,"Male",2018,3
358,457,21.56,"",1,3,"Male",2018,3
576,458,23.99,"R†",-3,0,"Male",2020,3
450,458,22.68,"R",1,3,"Male",2020,3
9,459,20.65,"",0,0,"Male",2015,1
125,459,19.8,"NICA†",4,1,"Male",2015,1
175,459,20.03,"",3,1,"Male",2015,1
468,459,20.7,"",2,1,"Male",2015,1
400,459,20.7,"",1,1,"Male",2015,1
84,460,21.54,"",0,0,"Male",2016,3
342,460,23.06,"R†",-1,0,"Male",2016,3
380,460,21.58,"",4,3,"Male",2016,3
300,460,21.45,"",3,3,"Male",2016,3
350,460,21.6,"",2,3,"Male",2016,3
400,460,21.74,"",1,3,"Male",2016,3
23,461,23.56,"",0,0,"Female",2017,1
87,461,24.36,"",-1,0,"Female",2017,1
24,461,23.8,"",-2,0,"Female",2017,1
126,461,22.67,"B†",3,1,"Female",2017,1
388,461,23.29,"NICB†",2,1,"Female",2017,1
228,461,22.98,"",1,1,"Female",2017,1
7,462,23.05,"R†",0,0,"Female",2016,1
14,462,23.56,"R†",-1,0,"Female",2016,1
633,462,23.65,"X†R†",4,1,"Female",2016,1
102,462,22.58,"",3,1,"Female",2016,1
157,462,22.82,"",2,1,"Female",2016,1
143,462,22.8,"",1,1,"Female",2016,1
282,463,22.27,"",0,0,"Male",2018,3
135,463,21.79,"",-1,0,"Male",2018,3
397,463,23.27,"R†",-2,0,"Male",2018,3
442,463,23.71,"",-3,0,"Male",2018,3
486,463,21.68,"R†",4,3,"Male",2018,3
598,463,21.92,"",2,3,"Male",2018,3
462,463,21.73,"R†",1,3,"Male",2018,3
535,464,25.94,"",-1,0,"Female",2023,3
698,464,25.26,"",1,3,"Female",2023,3
93,465,24.14,"R†",0,0,"Female",2018,2
92,465,24.35,"R†",-1,0,"Female",2018,2
67,465,24.23,"R†",-2,0,"Female",2018,2
151,465,24.91,"",-3,0,"Female",2018,2
145,465,24.09,"",1,2,"Female",2018,2
157,466,24.75,"",-1,0,"Female",2017,2
37,466,24.03,"",-2,0,"Female",2017,2
86,466,23.83,"B†R†",3,2,"Female",2017,2
133,466,24.04,"B†R†",2,2,"Female",2017,2
127,466,24.05,"",1,2,"Female",2017,2
263,467,25.1,"",0,0,"Female",2019,3
319,467,25.28,"",-1,0,"Female",2019,3
729,467,25.38,"",3,3,"Female",2019,3
654,467,25.32,"",1,3,"Female",2019,3
182,468,24.95,"",0,0,"Female",2017,2
223,468,25.11,"",-1,0,"Female",2017,2
510,468,25.29,"",3,2,"Female",2017,2
348,468,24.85,"",2,2,"Female",2017,2
296,468,24.79,"",1,2,"Female",2017,2
226,469,25.22,"",-3,0,"Female",2020,1
782,469,24.16,"",1,1,"Female",2020,1
190,470,25.16,"",-1,0,"Female",2016,3
313,470,24.68,"",4,3,"Female",2016,3
707,470,25.46,"",3,3,"Female",2016,3
514,470,25.16,"",2,3,"Female",2016,3
492,470,25.18,"",1,3,"Female",2016,3
118,471,24.55,"",0,0,"Female",2016,3
54,471,24.26,"",-1,0,"Female",2016,3
148,471,24.23,"",4,3,"Female",2016,3
331,471,24.75,"",3,3,"Female",2016,3
514,471,25.16,"",2,3,"Female",2016,3
275,471,24.72,"",1,3,"Female",2016,3
69,472,23.93,"",0,0,"Female",2018,1
34,472,23.73,"",-1,0,"Female",2018,1
58,472,24.11,"",-2,0,"Female",2018,1
116,472,24.71,"",-3,0,"Female",2018,1
568,472,23.54,"",1,1,"Female",2018,1
3,473,20.27,"",0,0,"Male",2017,1
105,473,21.66,"R†",-1,0,"Male",2017,1
46,473,19.54,"D1-B†",4,1,"Male",2017,1
161,473,19.97,"",3,1,"Male",2017,1
67,473,19.56,"B†",2,1,"Male",2017,1
265,473,20.3,"",1,1,"Male",2017,1
664,474,23.06,"X†R†",0,0,"Male",2023,3
702,474,21.88,"R†",1,3,"Male",2023,3
216,475,22.08,"R†",0,0,"Male",2019,3
186,475,21.93,"",-1,0,"Male",2019,3
505,475,21.71,"",3,3,"Male",2019,3
151,475,21.09,"",1,3,"Male",2019,3
9,476,20.44,"R†",0,0,"Male",2018,1
17,476,20.65,"R†",-1,0,"Male",2018,1
41,476,21.14,"R†",-2,0,"Male",2018,1
278,476,20.27,"",2,1,"Male",2018,1
317,476,20.32,"",1,1,"Male",2018,1
8,477,20.41,"",0,0,"Male",2017,1
17,477,20.87,"",-1,0,"Male",2017,1
31,477,21.25,"R†",-2,0,"Male",2017,1
277,477,20.13,"R†",5,1,"Male",2017,1
183,477,20.04,"",3,1,"Male",2017,1
271,477,20.23,"",2,1,"Male",2017,1
153,477,19.97,"",1,1,"Male",2017,1
34,478,23.73,"",0,0,"Female",2022,1
20,478,23.86,"R†",-1,0,"Female",2022,1
191,478,24.81,"R†",-3,0,"Female",2022,1
516,478,23.34,"R†",2,1,"Female",2022,1
640,478,23.53,"",1,1,"Female",2022,1
27,479,20.98,"",-1,0,"Male",2017,1
41,479,21.4,"",-2,0,"Male",2017,1
420,479,20.52,"",3,1,"Male",2017,1
233,479,20.14,"",2,1,"Male",2017,1
439,479,20.66,"",1,1,"Male",2017,1
227,480,22.21,"R†",-2,0,"Male",2019,3
557,480,21.85,"R†",1,3,"Male",2019,3
66,481,24.14,"",0,0,"Female",2017,3
40,481,23.95,"",-1,0,"Female",2017,3
32,481,23.92,"",-2,0,"Female",2017,3
102,481,24.04,"",5,3,"Female",2017,3
30,481,23.65,"B†",3,3,"Female",2017,3
74,481,23.92,"",2,3,"Female",2017,3
39,481,23.76,"R†",1,3,"Female",2017,3
201,482,24.87,"R†",-1,0,"Female",2023,3
80,482,24.67,"",-2,0,"Female",2023,3
503,482,24.91,"",1,3,"Female",2023,3
209,483,24.89,"R†",-3,0,"Female",2022,2
245,483,24.47,"R†",1,2,"Female",2022,2
96,484,24.27,"",-1,0,"Female",2020,1
62,484,23.87,"R†",-2,0,"Female",2020,1
602,484,23.89,"",1,1,"Female",2020,1
16,485,20.55,"R†",0,0,"Male",2019,1
40,485,21.05,"R†",-1,0,"Male",2019,1
559,485,20.52,"NICB†",4,1,"Male",2019,1
329,485,20.23,"NICB†",3,1,"Male",2019,1
397,485,20.65,"",2,1,"Male",2019,1
538,485,20.72,"",1,1,"Male",2019,1
130,486,24.49,"",0,0,"Female",2022,3
101,486,24.84,"R†",-1,0,"Female",2022,3
427,486,25.73,"",-3,0,"Female",2022,3
508,486,24.92,"",2,3,"Female",2022,3
435,486,24.83,"",1,3,"Female",2022,3
8,487,23.11,"",0,0,"Female",2022,1
79,487,24.14,"",-3,0,"Female",2022,1
367,487,23.17,"",1,1,"Female",2022,1
136,488,21.9,"",-1,0,"Male",2017,1
364,488,20.43,"NICB†",3,1,"Male",2017,1
355,488,20.43,"NICB†",2,1,"Male",2017,1
599,488,20.9,"",1,1,"Male",2017,1
49,489,21,"",0,0,"Male",2022,2
26,489,21.22,"",-1,0,"Male",2022,2
109,489,20.7,"",1,2,"Male",2022,2
160,490,24.66,"X†",-2,0,"Female",2021,1
266,490,22.97,"NICB†R†",2,1,"Female",2021,1
358,490,23.18,"R†",1,1,"Female",2021,1
173,491,24.76,"",0,0,"Female",2023,3
196,491,24.85,"R†",-1,0,"Female",2023,3
106,491,24.89,"",-2,0,"Female",2023,3
333,491,24.6,"",1,3,"Female",2023,3
1018,492,27.18,"",-1,0,"Female",2023,2
498,492,25.16,"",1,2,"Female",2023,2
90,493,24.34,"R†",-1,0,"Female",2018,2
52,493,24.04,"R†",-2,0,"Female",2018,2
112,493,24.69,"R†",-3,0,"Female",2018,2
273,493,24.6,"",2,2,"Female",2018,2
79,493,23.75,"B†",1,2,"Female",2018,2
544,494,23.82,"",-1,0,"Male",2018,3
640,494,21.91,"",4,3,"Male",2018,3
597,494,23.13,"",3,3,"Male",2018,3
545,494,21.83,"R",2,3,"Male",2018,3
646,494,21.99,"R†",1,3,"Male",2018,3
355,495,22.56,"R†",-1,0,"Male",2020,3
446,495,22.86,"R†",-2,0,"Male",2020,3
616,495,21.88,"R†",2,3,"Male",2020,3
653,495,23.28,"X†R†",1,3,"Male",2020,3
98,496,21.51,"",-1,0,"Male",2023,1
147,496,22.39,"R†",-2,0,"Male",2023,1
458,496,20.38,"X†R†",1,1,"Male",2023,1
76,497,21.35,"",0,0,"Male",2023,2
144,497,21.75,"",-1,0,"Male",2023,2
148,497,22.4,"",-2,0,"Male",2023,2
318,497,21.42,"",1,2,"Male",2023,2
63,498,23.95,"",0,0,"Female",2023,3
385,498,25.51,"X†",-1,0,"Female",2023,3
158,498,24.19,"R†",1,3,"Female",2023,3
336,499,25.34,"",0,0,"Female",2018,3
491,499,25.01,"",4,3,"Female",2018,3
150,499,25.11,"",3,3,"Female",2018,3
231,499,24.43,"",2,3,"Female",2018,3
457,499,24.96,"",1,3,"Female",2018,3
23,500,21.14,"",0,0,"Male",2021,1
152,500,19.76,"B†R†",3,1,"Male",2021,1
44,500,19.33,"B†",2,1,"Male",2021,1
181,500,19.92,"B†",1,1,"Male",2021,1
103,501,21.58,"",0,0,"Male",2017,2
20,501,20.9,"",-1,0,"Male",2017,2
93,501,21.78,"",-2,0,"Male",2017,2
187,501,21.25,"",1,2,"Male",2017,2
496,502,23.5,"R†",-2,0,"Male",2019,3
400,502,23.28,"R",-3,0,"Male",2019,3
137,502,21.7,"",2,3,"Male",2019,3
169,502,21.15,"",1,3,"Male",2019,3
33,503,21.04,"R†",0,0,"Male",2016,3
58,503,21.54,"R†",-1,0,"Male",2016,3
267,503,21.43,"",2,3,"Male",2016,3
197,503,21.33,"",1,3,"Male",2016,3
23,504,20.82,"",0,0,"Male",2017,1
63,504,21.41,"",-1,0,"Male",2017,1
489,504,20.85,"",4,1,"Male",2017,1
571,504,20.77,"",3,1,"Male",2017,1
566,504,20.8,"",2,1,"Male",2017,1
379,504,20.52,"",1,1,"Male",2017,1
136,505,22.04,"R†",-1,0,"Male",2016,2
302,505,21.77,"",1,2,"Male",2016,2
154,506,24.51,"",0,0,"Female",2018,3
177,506,24.92,"",-1,0,"Female",2018,3
235,506,25.43,"",-3,0,"Female",2018,3
261,506,24.57,"",1,3,"Female",2018,3
162,507,24.67,"",0,0,"Female",2022,2
51,507,24.36,"",-1,0,"Female",2022,2
315,507,25.3,"",-3,0,"Female",2022,2
85,507,23.75,"D2 B†",2,2,"Female",2022,2
134,507,24.08,"",1,2,"Female",2022,2
54,508,21.13,"R†",0,0,"Male",2023,3
277,508,22.29,"X†",-1,0,"Male",2023,3
52,508,21.5,"",-2,0,"Male",2023,3
155,508,20.92,"",1,3,"Male",2023,3
79,509,24.31,"",0,0,"Female",2016,3
88,509,24.54,"R†",-1,0,"Female",2016,3
262,509,24.53,"",4,3,"Female",2016,3
157,509,24.3,"",3,3,"Female",2016,3
69,509,23.93,"",2,3,"Female",2016,3
124,509,24.23,"",1,3,"Female",2016,3
81,510,24.22,"",0,0,"Female",2023,1
107,510,24.32,"",-1,0,"Female",2023,1
636,510,23.49,"",1,1,"Female",2023,1
118,511,21.94,"",0,0,"Male",2015,3
148,511,21.15,"",3,3,"Male",2015,3
221,511,21.38,"R†",2,3,"Male",2015,3
109,511,21.07,"",1,3,"Male",2015,3
198,512,25.21,"",-2,0,"Female",2017,1
605,512,23.58,"",2,1,"Female",2017,1
360,512,23.26,"",1,1,"Female",2017,1
723,513,27.08,"R†",-2,0,"Female",2020,3
667,513,28.34,"R†",-3,0,"Female",2020,3
1155,513,28.75,"",1,3,"Female",2020,3
688,514,26.18,"X†",0,0,"Female",2023,2
379,514,25.5,"X†",-1,0,"Female",2023,2
541,514,25.25,"",1,2,"Female",2023,2
9,515,23.05,"",-1,0,"Female",2019,1
8,515,23.19,"",-2,0,"Female",2019,1
14,515,23.44,"",-3,0,"Female",2019,1
36,515,22.06,"US OPEN†",4,1,"Female",2019,1
105,515,22.52,"B†",3,1,"Female",2019,1
203,515,23.11,"R†",2,1,"Female",2019,1
142,515,22.74,"NICA†",1,1,"Female",2019,1
193,516,25.19,"R†",-2,0,"Female",2017,2
310,516,24.83,"R†",1,2,"Female",2017,2
42,517,23.75,"",-1,0,"Female",2020,1
40,517,23.67,"",-2,0,"Female",2020,1
29,517,23.69,"",-3,0,"Female",2020,1
487,517,23.38,"",2,1,"Female",2020,1
455,517,23.65,"",1,1,"Female",2020,1
88,518,21.55,"",0,0,"Male",2016,3
37,518,21.37,"",-1,0,"Male",2016,3
219,518,21.36,"",2,3,"Male",2016,3
199,518,21.34,"",1,3,"Male",2016,3
1197,519,30.65,"",-2,0,"Female",2021,1
87,519,22.42,"B†",1,1,"Female",2021,1
591,520,25.98,"X†R†",0,0,"Female",2023,3
321,520,24.58,"",1,3,"Female",2023,3
213,521,24.94,"",0,0,"Female",2023,2
251,521,25.09,"",-1,0,"Female",2023,2
536,521,25.24,"",1,2,"Female",2023,2
25,522,21.2,"",0,0,"Male",2021,3
115,522,21.58,"R†",-2,0,"Male",2021,3
227,522,22.09,"",-3,0,"Male",2021,3
217,522,21.07,"",3,3,"Male",2021,3
116,522,20.86,"",2,3,"Male",2021,3
191,522,21.11,"",1,3,"Male",2021,3
44,523,21.2,"",0,0,"Male",2016,1
32,523,21.27,"",-1,0,"Male",2016,1
330,523,20.36,"",4,1,"Male",2016,1
385,523,20.49,"NICB†",3,1,"Male",2016,1
542,523,20.81,"",2,1,"Male",2016,1
457,523,20.68,"",1,1,"Male",2016,1
15,524,23.3,"",0,0,"Female",2022,1
3,524,23.15,"",-1,0,"Female",2022,1
392,524,23.17,"",2,1,"Female",2022,1
217,524,22.86,"",1,1,"Female",2022,1
5,525,20.57,"",0,0,"Male",2016,1
7,525,20.58,"",-1,0,"Male",2016,1
244,525,20.2,"",4,1,"Male",2016,1
52,525,19.48,"B†",3,1,"Male",2016,1
245,525,20.28,"",1,1,"Male",2016,1
272,526,22.59,"R†",-2,0,"Male",2018,2
153,526,24.82,"R†",-1,0,"Female",2018,2
352,526,24.83,"X†R†",5,2,"Female",2018,2
294,526,24.63,"R†",4,2,"Female",2018,2
202,526,24.75,"R†",3,2,"Female",2018,2
354,526,24.83,"R†",2,2,"Female",2018,2
470,526,25.21,"R†",1,2,"Female",2018,2
41,527,20.98,"",0,0,"Male",2023,1
28,527,20.85,"",-1,0,"Male",2023,1
543,527,20.51,"",1,1,"Male",2023,1
4,528,20.08,"",0,0,"Male",2022,1
2,528,20.32,"",-1,0,"Male",2022,1
205,528,22.04,"X†R†",-3,0,"Male",2022,1
352,528,20.21,"",2,1,"Male",2022,1
421,528,20.32,"",1,1,"Male",2022,1
389,529,25.58,"",-1,0,"Female",2020,2
388,529,24.9,"",3,2,"Female",2020,2
337,529,24.76,"",2,2,"Female",2020,2
455,529,25.74,"R†",1,2,"Female",2020,2
201,530,22.09,"",0,0,"Male",2017,3
223,530,22.33,"",-1,0,"Male",2017,3
557,530,26.14,"R†",-2,0,"Male",2017,3
88,530,20.86,"",3,3,"Male",2017,3
182,530,21.19,"",2,3,"Male",2017,3
615,530,22.02,"",1,3,"Male",2017,3
73,531,21.37,"",-1,0,"Male",2018,1
148,531,21.98,"",-2,0,"Male",2018,1
648,531,20.91,"",1,1,"Male",2018,1
38,532,20.97,"",0,0,"Male",2019,2
148,532,21.72,"",-1,0,"Male",2019,2
452,532,23.29,"",-2,0,"Male",2019,2
302,532,22.74,"",-3,0,"Male",2019,2
160,532,21.21,"",2,2,"Male",2019,2
180,532,21.09,"",1,2,"Male",2019,2
66,533,21.34,"R†",0,0,"Male",2017,1
64,533,21.43,"",-1,0,"Male",2017,1
274,533,20.26,"NICB†",3,1,"Male",2017,1
422,533,20.55,"NICB†",2,1,"Male",2017,1
571,533,20.86,"",1,1,"Male",2017,1
116,534,21.93,"",0,0,"Male",2015,3
169,534,21.16,"",4,3,"Male",2015,3
113,534,21.03,"",3,3,"Male",2015,3
111,534,21.06,"",2,3,"Male",2015,3
177,534,21.29,"",1,3,"Male",2015,3
741,535,24.04,"R†",-1,0,"Male",2020,1
559,535,20.52,"NICB†",3,1,"Male",2020,1
658,535,20.71,"NICB†",2,1,"Male",2020,1
556,535,20.98,"",1,1,"Male",2020,1
36,536,20.93,"",0,0,"Male",2019,1
50,536,21.14,"R†",-1,0,"Male",2019,1
349,536,20.21,"",4,1,"Male",2019,1
589,536,20.62,"NICB†",3,1,"Male",2019,1
432,536,20.73,"",2,1,"Male",2019,1
602,536,20.8,"",1,1,"Male",2019,1
49,537,21.26,"",-1,0,"Male",2017,1
84,537,21.73,"",-2,0,"Male",2017,1
466,537,20.8,"",4,1,"Male",2017,1
615,537,20.86,"",2,1,"Male",2017,1
586,537,20.89,"",1,1,"Male",2017,1
405,538,23.32,"R†",0,0,"Male",2016,3
651,538,22.13,"R†",1,3,"Male",2016,3
254,539,25.06,"X†",-1,0,"Female",2020,1
584,539,23.87,"",1,1,"Female",2020,1
414,540,25.58,"X†",0,0,"Female",2022,3
57,540,24.45,"R†",-1,0,"Female",2022,3
209,540,24.89,"",-3,0,"Female",2022,3
23,540,23.48,"D3 B†",2,3,"Female",2022,3
81,540,23.84,"",1,3,"Female",2022,3
165,541,21.84,"R†",0,0,"Male",2018,3
107,541,21.6,"",-1,0,"Male",2018,3
334,541,22.9,"",-2,0,"Male",2018,3
299,541,22.29,"",3,3,"Male",2018,3
179,541,21.17,"",2,3,"Male",2018,3
381,541,21.61,"",1,3,"Male",2018,3
244,542,22.15,"",0,0,"Male",2018,3
547,542,21.86,"",1,3,"Male",2018,3
122,543,25,"X†",0,0,"Female",2021,3
160,543,24.66,"",-2,0,"Female",2021,3
335,543,24.73,"",1,3,"Female",2021,3
25,544,23.51,"",0,0,"Female",2023,1
40,544,23.77,"R†",-1,0,"Female",2023,1
573,544,23.41,"",1,1,"Female",2023,1
44,545,23.76,"X†",0,0,"Female",2023,1
9,545,23.15,"R†",-1,0,"Female",2023,1
155,545,22.63,"B†",1,1,"Female",2023,1
24,546,23.49,"R†",0,0,"Female",2019,1
74,546,23.98,"R†",-1,0,"Female",2019,1
44,546,23.86,"",-2,0,"Female",2019,1
121,546,24.56,"R†",-3,0,"Female",2019,1
98,546,22.51,"US OPEN†",4,1,"Female",2019,1
137,546,22.65,"B†",3,1,"Female",2019,1
160,546,22.97,"",2,1,"Female",2019,1
108,546,22.62,"B†",1,1,"Female",2019,1
74,547,24.27,"",0,0,"Female",2016,3
679,547,25.5,"",2,3,"Female",2016,3
120,547,24.22,"",1,3,"Female",2016,3
131,548,24.66,"",-1,0,"Female",2018,3
217,548,24.4,"R†",2,3,"Female",2018,3
174,548,24.34,"",1,3,"Female",2018,3
14,549,20.8,"",0,0,"Male",2016,2
251,549,21.34,"",4,2,"Male",2016,2
72,549,20.57,"B†",3,2,"Male",2016,2
73,549,20.66,"",2,2,"Male",2016,2
103,549,20.86,"",1,2,"Male",2016,2
33,550,21.28,"",-1,0,"Male",2016,2
267,550,21.56,"",2,2,"Male",2016,2
177,550,21.24,"",1,2,"Male",2016,2
81,551,21.33,"",-2,0,"Male",2021,1
417,551,22.76,"",-3,0,"Male",2021,1
183,551,19.87,"US OPEN†",2,1,"Male",2021,1
507,551,20.51,"",1,1,"Male",2021,1
1273,552,27.56,"",-3,0,"Male",2022,1
83,552,19.57,"B†",2,1,"Male",2022,1
366,552,20.24,"NICB†",1,1,"Male",2022,1
364,553,26.16,"X†R†",0,0,"Female",2016,3
88,553,24.54,"",-1,0,"Female",2016,3
155,553,24.32,"R†",1,3,"Female",2016,3
144,554,21.96,"",0,0,"Male",2016,2
37,554,21.37,"R†",-1,0,"Male",2016,2
244,554,21.32,"R†",4,2,"Male",2016,2
318,554,21.63,"",3,2,"Male",2016,2
232,554,21.42,"",2,2,"Male",2016,2
250,554,21.5,"",1,2,"Male",2016,2
166,555,22.16,"R†",0,0,"Male",2015,3
274,555,21.53,"",1,3,"Male",2015,3
306,556,25.28,"R†",0,0,"Female",2019,3
500,556,25.02,"R",3,3,"Female",2019,3
560,556,25.16,"R†",1,3,"Female",2019,3
40,557,21.39,"R†",-1,0,"Male",2016,1
639,557,20.99,"R†",1,1,"Male",2016,1
650,558,23.62,"R†",-2,0,"Male",2020,3
376,558,22.49,"",1,3,"Male",2020,3
133,559,24.5,"R†",0,0,"Female",2022,3
112,559,24.96,"",-1,0,"Female",2022,3
553,559,26.25,"",-3,0,"Female",2022,3
551,559,24.99,"",2,3,"Female",2022,3
403,559,24.79,"",1,3,"Female",2022,3
317,560,25.29,"CCS†",0,0,"Female",2023,3
873,560,26.8,"",-1,0,"Female",2023,3
508,560,24.92,"",1,3,"Female",2023,3
156,561,21.76,"R†",0,0,"Male",2023,1
6,561,20.2,"",-1,0,"Male",2023,1
152,561,19.76,"B†",1,1,"Male",2023,1
484,562,25.73,"NCSC†R†",0,0,"Female",2023,2
297,562,25.22,"",-1,0,"Female",2023,2
189,562,25.54,"",-2,0,"Female",2023,2
38,562,27.38,"X†",-3,0,"Female",2023,2
489,562,25.15,"R†",1,2,"Female",2023,2
22,563,23.9,"",0,0,"Female",2021,1
54,563,23.93,"",-2,0,"Female",2021,1
215,563,24.88,"",-3,0,"Female",2021,1
108,563,22.48,"B†",3,1,"Female",2021,1
112,563,22.55,"US OPEN†",2,1,"Female",2021,1
351,563,23.17,"",1,1,"Female",2021,1
67,564,24.04,"R†",-1,0,"Female",2020,1
28,564,23.51,"",-2,0,"Female",2020,1
45,564,23.87,"",-3,0,"Female",2020,1
318,564,23.04,"",4,1,"Female",2020,1
319,564,23.07,"X†",3,1,"Female",2020,1
136,564,22.91,"",1,1,"Female",2020,1
22,565,23.47,"R†",0,0,"Female",2023,1
45,565,23.82,"",-1,0,"Female",2023,1
121,565,24.99,"X†",-2,0,"Female",2023,1
591,565,23.44,"",1,1,"Female",2023,1
70,566,24.08,"",0,0,"Female",2023,1
166,566,24.7,"",-1,0,"Female",2023,1
392,566,23.17,"",1,1,"Female",2023,1
8,567,23.08,"",0,0,"Female",2019,1
9,567,23.05,"",-1,0,"Female",2019,1
21,567,23.54,"R†",-2,0,"Female",2019,1
48,567,24.01,"",-3,0,"Female",2019,1
204,567,22.79,"R†",5,1,"Female",2019,1
181,567,22.76,"B†",4,1,"Female",2019,1
98,567,22.47,"B†",3,1,"Female",2019,1
112,567,22.77,"",2,1,"Female",2019,1
121,567,22.66,"NICA†",1,1,"Female",2019,1
39,568,23.75,"R†",0,0,"Female",2022,3
63,568,24.53,"",-1,0,"Female",2022,3
40,568,23.59,"",1,3,"Female",2022,3
338,569,25.7,"X†R†",0,0,"Female",2017,3
122,569,24.74,"",-2,0,"Female",2017,3
500,569,25.05,"",3,3,"Female",2017,3
161,569,24.39,"",1,3,"Female",2017,3
7,570,20.21,"",-1,0,"Male",2020,1
55,570,21.28,"",-3,0,"Male",2020,1
180,570,19.84,"",4,1,"Male",2020,1
129,570,19.72,"B†",3,1,"Male",2020,1
181,570,19.92,"B†",2,1,"Male",2020,1
230,570,20.3,"",1,1,"Male",2020,1
26,571,23.82,"",-1,0,"Female",2016,1
176,571,22.86,"",3,1,"Female",2016,1
160,571,22.84,"",2,1,"Female",2016,1
253,571,23.12,"",1,1,"Female",2016,1
136,572,24.7,"",-2,0,"Female",2019,2
115,572,24.53,"",-3,0,"Female",2019,2
349,572,24.81,"",1,2,"Female",2019,2
10,573,23.17,"",0,0,"Female",2022,1
54,573,23.93,"",-3,0,"Female",2022,1
166,573,22.67,"B†",2,1,"Female",2022,1
190,573,22.79,"JRS†",1,1,"Female",2022,1
310,574,25.26,"R†",-1,0,"Female",2023,2
519,574,25.2,"",1,2,"Female",2023,2
23,575,23.75,"",-2,0,"Female",2017,1
500,575,23.47,"",2,1,"Female",2017,1
525,575,23.51,"R†",1,1,"Female",2017,1
138,576,21.69,"",0,0,"Male",2018,3
201,576,22.09,"",-1,0,"Male",2018,3
298,576,22.71,"",-2,0,"Male",2018,3
458,576,21.7,"",2,3,"Male",2018,3
702,576,22.06,"",1,3,"Male",2018,3
22,577,20.94,"",-1,0,"Male",2017,1
35,577,19.39,"D1-B†",4,1,"Male",2017,1
580,577,20.88,"",1,1,"Male",2017,1
112,578,21.55,"R†",-1,0,"Male",2020,2
201,578,22.09,"R†",-3,0,"Male",2020,2
420,578,21.77,"",3,2,"Male",2020,2
288,578,21.37,"",2,2,"Male",2020,2
174,578,21.25,"",1,2,"Male",2020,2
90,579,24.38,"",0,0,"Female",2016,1
82,579,24.47,"R†",-1,0,"Female",2016,1
604,579,23.62,"",4,1,"Female",2016,1
522,579,23.5,"",3,1,"Female",2016,1
595,579,23.59,"",2,1,"Female",2016,1
474,579,23.48,"",1,1,"Female",2016,1
435,580,25.66,"",0,0,"Female",2022,2
199,580,25.61,"",-1,0,"Female",2022,2
278,580,24.57,"",2,2,"Female",2022,2
295,580,24.63,"",1,2,"Female",2022,2
281,581,25.77,"",-1,0,"Female",2016,3
570,581,25.33,"R†",1,3,"Female",2016,3
196,582,24.97,"",0,0,"Female",2016,2
194,582,25.2,"R†",-1,0,"Female",2016,2
384,582,25.04,"",2,2,"Female",2016,2
480,582,25.4,"",1,2,"Female",2016,2
38,583,21.09,"R†",-1,0,"Male",2017,1
376,583,20.61,"",4,1,"Male",2017,1
408,583,20.5,"",3,1,"Male",2017,1
557,583,20.79,"",2,1,"Male",2017,1
561,583,20.85,"",1,1,"Male",2017,1
2,584,20.22,"",0,0,"Male",2017,2
7,584,20.59,"",-1,0,"Male",2017,2
15,584,20.87,"",-2,0,"Male",2017,2
28,584,20.2,"R†",1,2,"Male",2017,2
424,585,25.72,"",-2,0,"Female",2021,3
78,585,23.84,"",3,3,"Female",2021,3
231,585,24.4,"",2,3,"Female",2021,3
173,585,24.32,"",1,3,"Female",2021,3
202,586,25.07,"R†",-1,0,"Female",2018,3
148,586,24.71,"R†",-2,0,"Female",2018,3
220,586,25.31,"R†",-3,0,"Female",2018,3
140,586,24.24,"R†",1,3,"Female",2018,3
4,587,20.28,"",0,0,"Male",2018,1
15,587,20.6,"",-1,0,"Male",2018,1
78,587,21.52,"",-2,0,"Male",2018,1
192,587,22.26,"",-3,0,"Male",2018,1
101,587,19.61,"B†",4,1,"Male",2018,1
146,587,19.93,"B†",2,1,"Male",2018,1
363,587,20.46,"",1,1,"Male",2018,1
33,588,21.04,"",-1,0,"Male",2017,1
21,588,21.11,"",-2,0,"Male",2017,1
526,588,20.7,"",3,1,"Male",2017,1
416,588,20.54,"",2,1,"Male",2017,1
496,588,20.74,"",1,1,"Male",2017,1
324,589,22.46,"X†R†",0,0,"Male",2019,1
133,589,21.66,"",-1,0,"Male",2019,1
659,589,20.89,"",1,1,"Male",2019,1
54,590,24.06,"",-1,0,"Female",2017,1
18,590,23.62,"",-2,0,"Female",2017,1
638,590,23.64,"",1,1,"Female",2017,1
33,591,23.85,"",0,0,"Female",2016,1
460,591,23.43,"R†",4,1,"Female",2016,1
481,591,23.43,"",3,1,"Female",2016,1
646,591,23.72,"",1,1,"Female",2016,1
16,592,20.56,"",0,0,"Male",2018,1
499,592,20.5,"",4,1,"Male",2018,1
300,592,20.45,"R†",3,1,"Male",2018,1
401,592,20.49,"",2,1,"Male",2018,1
363,592,20.46,"",1,1,"Male",2018,1
221,593,22.17,"R†",0,0,"Male",2017,2
261,593,22.58,"R†",-2,0,"Male",2017,2
334,593,21.78,"",1,2,"Male",2017,2
296,594,22.31,"",0,0,"Male",2018,2
282,594,21.35,"",4,2,"Male",2018,2
252,594,21.57,"",3,2,"Male",2018,2
271,594,21.4,"",2,2,"Male",2018,2
437,594,22,"",1,2,"Male",2018,2
21,595,20.91,"R†",0,0,"Male",2016,2
37,595,21.37,"",-1,0,"Male",2016,2
108,595,20.87,"",2,2,"Male",2016,2
187,595,21.28,"",1,2,"Male",2016,2
84,596,24.07,"",-1,0,"Female",2019,1
689,596,23.71,"",1,1,"Female",2019,1
185,597,24.8,"",0,0,"Female",2019,2
395,597,25.57,"R†",-1,0,"Female",2019,2
296,597,25.75,"R†",-3,0,"Female",2019,2
406,597,24.94,"",3,2,"Female",2019,2
392,597,24.95,"",1,2,"Female",2019,2
1283,598,27.7,"",-1,0,"Male",2020,3
1037,598,28.84,"",-3,0,"Male",2020,3
1096,598,25.01,"",1,3,"Male",2020,3
114,599,21.91,"",0,0,"Male",2015,3
729,599,22.16,"R†",3,3,"Male",2015,3
586,599,22.04,"",2,3,"Male",2015,3
473,599,21.91,"",1,3,"Male",2015,3
186,600,21.96,"",-1,0,"Male",2020,2
568,600,22.07,"",4,2,"Male",2020,2
463,600,21.89,"",3,2,"Male",2020,2
439,600,21.84,"",2,2,"Male",2020,2
380,600,22.11,"",1,2,"Male",2020,2
91,601,21.46,"R†",-1,0,"Male",2019,3
729,601,22.04,"",3,3,"Male",2019,3
88,601,21.39,"R†",2,3,"Male",2019,3
201,601,21.24,"R†",1,3,"Male",2019,3
66,602,21.23,"R†",-2,0,"Male",2020,1
686,602,21.22,"",1,1,"Male",2020,1
201,603,22.09,"",0,0,"Male",2017,2
201,603,22.22,"",-1,0,"Male",2017,2
195,603,21.15,"",3,2,"Male",2017,2
279,603,21.52,"",2,2,"Male",2017,2
382,603,21.91,"",1,2,"Male",2017,2
57,604,21.15,"R†",-1,0,"Male",2020,1
289,604,20.09,"CSCAA B†",4,1,"Male",2020,1
329,604,20.23,"",2,1,"Male",2020,1
528,604,20.93,"",1,1,"Male",2020,1
407,605,25.63,"",-3,0,"Female",2021,3
553,605,25.03,"R†",2,3,"Female",2021,3
221,605,24.45,"",1,3,"Female",2021,3
206,606,22.34,"R†",0,0,"Male",2015,3
328,606,21.5,"",4,3,"Male",2015,3
286,606,21.47,"",3,3,"Male",2015,3
340,606,21.64,"",2,3,"Male",2015,3
481,606,21.92,"",1,3,"Male",2015,3
101,607,21.54,"R†",0,0,"Male",2018,3
234,607,21.21,"",4,3,"Male",2018,3
581,607,23.09,"",3,3,"Male",2018,3
477,607,21.73,"",2,3,"Male",2018,3
369,607,21.59,"R†",1,3,"Male",2018,3
67,608,24.16,"",0,0,"Female",2017,3
77,608,24.28,"",-1,0,"Female",2017,3
35,608,24.01,"",-2,0,"Female",2017,3
412,608,24.88,"R†",3,3,"Female",2017,3
345,608,24.77,"R†",2,3,"Female",2017,3
221,608,24.56,"",1,3,"Female",2017,3
549,609,26.16,"X†R†",-2,0,"Female",2020,3
167,609,25.22,"",1,3,"Female",2020,3
79,610,24.42,"",0,0,"Female",2015,2
152,610,24.14,"",4,2,"Female",2015,2
103,610,23.87,"R†",3,2,"Female",2015,2
68,610,23.8,"R†",2,2,"Female",2015,2
96,610,24.12,"R†",1,2,"Female",2015,2
286,611,25.81,"",-2,0,"Female",2017,3
677,611,25.4,"",2,3,"Female",2017,3
518,611,25.17,"",1,3,"Female",2017,3
55,612,21.48,"",0,0,"Male",2015,3
46,612,20.63,"B†X†",4,3,"Male",2015,3
82,612,20.91,"",3,3,"Male",2015,3
38,612,20.65,"R†",2,3,"Male",2015,3
90,612,20.99,"",1,3,"Male",2015,3
476,613,22.92,"R†",-1,0,"Male",2020,3
665,613,21.86,"R†",3,3,"Male",2020,3
718,613,23.46,"R†",1,3,"Male",2020,3
11,614,20.8,"",0,0,"Male",2015,1
292,614,20.26,"",4,1,"Male",2015,1
307,614,20.39,"",3,1,"Male",2015,1
330,614,20.46,"",2,1,"Male",2015,1
430,614,20.75,"",1,1,"Male",2015,1
106,615,21.84,"R†",0,0,"Male",2015,2
126,615,20.89,"",4,2,"Male",2015,2
132,615,21,"",3,2,"Male",2015,2
212,615,21.37,"",2,2,"Male",2015,2
123,615,21.07,"",1,2,"Male",2015,2
563,616,24.48,"",-2,0,"Male",2018,3
167,616,21.14,"",2,3,"Male",2018,3
388,616,21.62,"",1,3,"Male",2018,3
166,617,24.74,"",0,0,"Female",2023,2
383,617,24.88,"R†",1,2,"Female",2023,2
45,618,21.04,"",0,0,"Male",2019,3
204,618,21.09,"",4,3,"Male",2019,3
251,618,21.24,"R†",3,3,"Male",2019,3
182,618,21.18,"R†",1,3,"Male",2019,3
440,619,22.73,"X†R†",-1,0,"Male",2023,2
379,619,21.57,"",1,2,"Male",2023,2
103,620,24.63,"R†",0,0,"Female",2015,3
410,620,25.02,"",2,3,"Female",2015,3
204,620,24.57,"",1,3,"Female",2015,3
52,621,21.07,"",0,0,"Male",2019,3
101,621,21.54,"",-1,0,"Male",2019,3
128,621,21.76,"",-2,0,"Male",2019,3
83,621,20.73,"",3,3,"Male",2019,3
204,621,21.25,"",1,3,"Male",2019,3
73,622,21.27,"X†",-1,0,"Male",2020,1
26,622,20.86,"R†",-2,0,"Male",2020,1
223,622,22.18,"R†",-3,0,"Male",2020,1
105,622,19.63,"",2,1,"Male",2020,1
74,622,19.71,"D1-B†",1,1,"Male",2020,1
24,623,20.75,"",0,0,"Male",2019,1
63,623,21.21,"",-1,0,"Male",2019,1
670,623,20.72,"",3,1,"Male",2019,1
422,623,20.71,"",2,1,"Male",2019,1
602,623,20.8,"",1,1,"Male",2019,1
8,624,20.25,"",0,0,"Male",2023,1
8,624,20.24,"",-1,0,"Male",2023,1
431,624,20.34,"CSCAA B†",1,1,"Male",2023,1
23,625,20.72,"R†",-1,0,"Male",2020,1
77,625,21.32,"R†",-2,0,"Male",2020,1
266,625,22.39,"R†",-3,0,"Male",2020,1
240,625,20.06,"",2,1,"Male",2020,1
235,625,20.31,"",1,1,"Male",2020,1
860,626,23.71,"X†",0,0,"Male",2022,3
322,626,23.48,"X†",-1,0,"Male",2022,3
599,626,21.77,"",1,3,"Male",2022,3
37,627,20.9,"",0,0,"Male",2022,1
569,627,23.26,"X†R†",-3,0,"Male",2022,1
317,627,20.15,"",2,1,"Male",2022,1
335,627,20.19,"",1,1,"Male",2022,1
230,628,22.22,"R†",0,0,"Male",2017,3
189,628,22.18,"R†",-1,0,"Male",2017,3
571,628,21.96,"R†",1,3,"Male",2017,3
708,629,26.25,"X†R†",0,0,"Female",2023,3
596,629,25.08,"",1,3,"Female",2023,3
88,630,21.88,"R†",0,0,"Male",2021,3
696,630,21.99,"",1,3,"Male",2021,3
220,631,25.2,"",0,0,"Female",2017,3
383,631,24.91,"R†",1,3,"Female",2017,3
525,632,26.15,"",-2,0,"Female",2021,3
602,632,25.19,"",1,3,"Female",2021,3
409,633,25.57,"R†",0,0,"Female",2022,3
335,633,24.61,"",2,3,"Female",2022,3
420,633,24.81,"R†",1,3,"Female",2022,3
695,634,26.35,"X†",0,0,"Female",2022,3
672,634,25.25,"",1,3,"Female",2022,3
138,635,24.72,"",-1,0,"Female",2018,1
277,635,23.03,"",4,1,"Female",2018,1
230,635,22.97,"NICB†",2,1,"Female",2018,1
313,635,23.18,"R†",1,1,"Female",2018,1
